<?xml version="1.0" encoding="UTF-8"?>
<!DOCTYPE NmLoader
  SYSTEM "standardX24.dtd">
<NmLoader>
   <csvBeginBaseDefsRbInfos handler="com.ptc.core.lwc.server.BaseDefinitionLoader.beginProcessRbInfos"/>
   <csvBeginPropertyDefView handler="com.ptc.core.lwc.server.BaseDefinitionLoader.beginProcessPropertyDefinition">
      <csvname>displayName</csvname>
      <csvholderClass>com.ptc.core.lwc.server.LWCPropertyDefinition</csvholderClass>
      <csvdatatype>java.lang.String</csvdatatype>
      <csvsortOrder>100</csvsortOrder>
      <csvinherited>false</csvinherited>
      <csvcontentHolder>false</csvcontentHolder>
      <csvlegalFileTypeList/>
      <csvoverridable>false</csvoverridable>
      <csvlocalizable>true</csvlocalizable>
      <csvdatatypeAppliedTo/>
      <csvhidden>false</csvhidden>
      <csvreadOnly>false</csvreadOnly>
      <csvminValue/>
      <csvmaxValue/>
      <csvmaxLength/>
      <csvpattern/>
      <csvenumDef/>
      <csvtargetRoot/>
   </csvBeginPropertyDefView>
   <csvEndPropertyDefView handler="com.ptc.core.lwc.server.BaseDefinitionLoader.endProcessPropertyDefinition"/>
   <csvBeginPropertyDefView handler="com.ptc.core.lwc.server.BaseDefinitionLoader.beginProcessPropertyDefinition">
      <csvname>description</csvname>
      <csvholderClass>com.ptc.core.lwc.server.LWCPropertyDefinition</csvholderClass>
      <csvdatatype>java.lang.String</csvdatatype>
      <csvsortOrder>200</csvsortOrder>
      <csvinherited>false</csvinherited>
      <csvcontentHolder>false</csvcontentHolder>
      <csvlegalFileTypeList/>
      <csvoverridable>false</csvoverridable>
      <csvlocalizable>true</csvlocalizable>
      <csvdatatypeAppliedTo/>
      <csvhidden>false</csvhidden>
      <csvreadOnly>false</csvreadOnly>
      <csvminValue/>
      <csvmaxValue/>
      <csvmaxLength/>
      <csvpattern/>
      <csvenumDef/>
      <csvtargetRoot/>
   </csvBeginPropertyDefView>
   <csvEndPropertyDefView handler="com.ptc.core.lwc.server.BaseDefinitionLoader.endProcessPropertyDefinition"/>
   <csvBeginPropertyDefView handler="com.ptc.core.lwc.server.BaseDefinitionLoader.beginProcessPropertyDefinition">
      <csvname>tooltip</csvname>
      <csvholderClass>com.ptc.core.lwc.server.LWCPropertyDefinition</csvholderClass>
      <csvdatatype>java.lang.String</csvdatatype>
      <csvsortOrder>300</csvsortOrder>
      <csvinherited>false</csvinherited>
      <csvcontentHolder>false</csvcontentHolder>
      <csvlegalFileTypeList/>
      <csvoverridable>false</csvoverridable>
      <csvlocalizable>true</csvlocalizable>
      <csvdatatypeAppliedTo/>
      <csvhidden>true</csvhidden>
      <csvreadOnly>false</csvreadOnly>
      <csvminValue/>
      <csvmaxValue/>
      <csvmaxLength/>
      <csvpattern/>
      <csvenumDef/>
      <csvtargetRoot/>
   </csvBeginPropertyDefView>
   <csvEndPropertyDefView handler="com.ptc.core.lwc.server.BaseDefinitionLoader.endProcessPropertyDefinition"/>
   <csvBeginPropertyDefView handler="com.ptc.core.lwc.server.BaseDefinitionLoader.beginProcessPropertyDefinition">
      <csvname>displayName</csvname>
      <csvholderClass>com.ptc.core.lwc.server.LWCAbstractAttributeTemplate</csvholderClass>
      <csvdatatype>java.lang.String</csvdatatype>
      <csvsortOrder>100</csvsortOrder>
      <csvinherited>false</csvinherited>
      <csvcontentHolder>false</csvcontentHolder>
      <csvlegalFileTypeList/>
      <csvoverridable>false</csvoverridable>
      <csvlocalizable>true</csvlocalizable>
      <csvdatatypeAppliedTo/>
      <csvhidden>false</csvhidden>
      <csvreadOnly>false</csvreadOnly>
      <csvminValue/>
      <csvmaxValue/>
      <csvmaxLength/>
      <csvpattern/>
      <csvenumDef/>
      <csvtargetRoot/>
   </csvBeginPropertyDefView>
   <csvPropertyValue handler="com.ptc.core.lwc.server.BaseDefinitionLoader.processPropertyPropertyValue">
      <csvname>displayName</csvname>
      <csvisDefault>false</csvisDefault>
      <csvvalue>Display Name</csvvalue>
      <csvlocale_en_us>Display Name</csvlocale_en_us>
      <csvlocale_en_gb>Display Name</csvlocale_en_gb>
      <csvlocale_zh_cn>显示名称</csvlocale_zh_cn>
      <csvlocale_zh_tw></csvlocale_zh_tw>
   </csvPropertyValue>
   <csvPropertyValue handler="com.ptc.core.lwc.server.BaseDefinitionLoader.processPropertyPropertyValue">
      <csvname>description</csvname>
      <csvisDefault>false</csvisDefault>
      <csvvalue>Display Name</csvvalue>
      <csvlocale_en_us>Display Name</csvlocale_en_us>
      <csvlocale_en_gb>Display Name</csvlocale_en_gb>
      <csvlocale_zh_cn>显示名称</csvlocale_zh_cn>
      <csvlocale_zh_tw></csvlocale_zh_tw>
   </csvPropertyValue>
   <csvPropertyValue handler="com.ptc.core.lwc.server.BaseDefinitionLoader.processPropertyPropertyValue">
      <csvname>tooltip</csvname>
      <csvisDefault>false</csvisDefault>
      <csvvalue>Display Name</csvvalue>
      <csvlocale_en_us>Display Name</csvlocale_en_us>
      <csvlocale_en_gb>Display Name</csvlocale_en_gb>
      <csvlocale_zh_cn>显示名称</csvlocale_zh_cn>
      <csvlocale_zh_tw></csvlocale_zh_tw>
   </csvPropertyValue>
   <csvEndPropertyDefView handler="com.ptc.core.lwc.server.BaseDefinitionLoader.endProcessPropertyDefinition"/>
   <csvBeginPropertyDefView handler="com.ptc.core.lwc.server.BaseDefinitionLoader.beginProcessPropertyDefinition">
      <csvname>description</csvname>
      <csvholderClass>com.ptc.core.lwc.server.LWCAbstractAttributeTemplate</csvholderClass>
      <csvdatatype>java.lang.String</csvdatatype>
      <csvsortOrder>200</csvsortOrder>
      <csvinherited>true</csvinherited>
      <csvcontentHolder>false</csvcontentHolder>
      <csvlegalFileTypeList/>
      <csvoverridable>true</csvoverridable>
      <csvlocalizable>true</csvlocalizable>
      <csvdatatypeAppliedTo/>
      <csvhidden>false</csvhidden>
      <csvreadOnly>false</csvreadOnly>
      <csvminValue/>
      <csvmaxValue/>
      <csvmaxLength/>
      <csvpattern/>
      <csvenumDef/>
      <csvtargetRoot/>
   </csvBeginPropertyDefView>
   <csvPropertyValue handler="com.ptc.core.lwc.server.BaseDefinitionLoader.processPropertyPropertyValue">
      <csvname>displayName</csvname>
      <csvisDefault>false</csvisDefault>
      <csvvalue>Description</csvvalue>
      <csvlocale_en_us>Description</csvlocale_en_us>
      <csvlocale_en_gb>Description</csvlocale_en_gb>
      <csvlocale_zh_cn>说明</csvlocale_zh_cn>
      <csvlocale_zh_tw></csvlocale_zh_tw>
   </csvPropertyValue>
   <csvPropertyValue handler="com.ptc.core.lwc.server.BaseDefinitionLoader.processPropertyPropertyValue">
      <csvname>description</csvname>
      <csvisDefault>false</csvisDefault>
      <csvvalue>Description</csvvalue>
      <csvlocale_en_us>Description</csvlocale_en_us>
      <csvlocale_en_gb>Description</csvlocale_en_gb>
      <csvlocale_zh_cn>说明</csvlocale_zh_cn>
      <csvlocale_zh_tw></csvlocale_zh_tw>
   </csvPropertyValue>
   <csvPropertyValue handler="com.ptc.core.lwc.server.BaseDefinitionLoader.processPropertyPropertyValue">
      <csvname>tooltip</csvname>
      <csvisDefault>false</csvisDefault>
      <csvvalue>Description</csvvalue>
      <csvlocale_en_us>Description</csvlocale_en_us>
      <csvlocale_en_gb>Description</csvlocale_en_gb>
      <csvlocale_zh_cn>说明</csvlocale_zh_cn>
      <csvlocale_zh_tw></csvlocale_zh_tw>
   </csvPropertyValue>
   <csvEndPropertyDefView handler="com.ptc.core.lwc.server.BaseDefinitionLoader.endProcessPropertyDefinition"/>
   <csvBeginPropertyDefView handler="com.ptc.core.lwc.server.BaseDefinitionLoader.beginProcessPropertyDefinition">
      <csvname>required</csvname>
      <csvholderClass>com.ptc.core.lwc.server.LWCPropertyDefinition</csvholderClass>
      <csvdatatype>java.lang.Boolean</csvdatatype>
      <csvsortOrder/>
      <csvinherited>false</csvinherited>
      <csvcontentHolder>false</csvcontentHolder>
      <csvlegalFileTypeList/>
      <csvoverridable>false</csvoverridable>
      <csvlocalizable>false</csvlocalizable>
      <csvdatatypeAppliedTo/>
      <csvhidden>false</csvhidden>
      <csvreadOnly>false</csvreadOnly>
      <csvminValue/>
      <csvmaxValue/>
      <csvmaxLength/>
      <csvpattern/>
      <csvenumDef/>
      <csvtargetRoot/>
   </csvBeginPropertyDefView>
   <csvEndPropertyDefView handler="com.ptc.core.lwc.server.BaseDefinitionLoader.endProcessPropertyDefinition"/>
   <csvBeginPropertyDefView handler="com.ptc.core.lwc.server.BaseDefinitionLoader.beginProcessPropertyDefinition">
      <csvname>instantiable</csvname>
      <csvholderClass>com.ptc.core.lwc.server.LWCAbstractAttributeTemplate</csvholderClass>
      <csvdatatype>java.lang.Boolean</csvdatatype>
      <csvsortOrder/>
      <csvinherited>true</csvinherited>
      <csvcontentHolder>false</csvcontentHolder>
      <csvlegalFileTypeList/>
      <csvoverridable>true</csvoverridable>
      <csvlocalizable>false</csvlocalizable>
      <csvdatatypeAppliedTo/>
      <csvhidden>false</csvhidden>
      <csvreadOnly>false</csvreadOnly>
      <csvminValue/>
      <csvmaxValue/>
      <csvmaxLength/>
      <csvpattern/>
      <csvenumDef/>
      <csvtargetRoot/>
   </csvBeginPropertyDefView>
   <csvPropertyValue handler="com.ptc.core.lwc.server.BaseDefinitionLoader.processPropertyDefaultValue">
      <csvname>instantiable</csvname>
      <csvisDefault>false</csvisDefault>
      <csvvalue>true</csvvalue>
   </csvPropertyValue>
   <csvPropertyValue handler="com.ptc.core.lwc.server.BaseDefinitionLoader.processPropertyPropertyValue">
      <csvname>displayName</csvname>
      <csvisDefault>false</csvisDefault>
      <csvvalue>Instantiable</csvvalue>
      <csvlocale_en_us>Instantiable</csvlocale_en_us>
      <csvlocale_en_gb>Instantiable</csvlocale_en_gb>
      <csvlocale_zh_cn>可实例化</csvlocale_zh_cn>
      <csvlocale_zh_tw></csvlocale_zh_tw>
   </csvPropertyValue>
   <csvPropertyValue handler="com.ptc.core.lwc.server.BaseDefinitionLoader.processPropertyPropertyValue">
      <csvname>description</csvname>
      <csvisDefault>false</csvisDefault>
      <csvvalue>Instantiable</csvvalue>
      <csvlocale_en_us>Instantiable</csvlocale_en_us>
      <csvlocale_en_gb>Instantiable</csvlocale_en_gb>
      <csvlocale_zh_cn>可实例化</csvlocale_zh_cn>
      <csvlocale_zh_tw></csvlocale_zh_tw>
   </csvPropertyValue>
   <csvPropertyValue handler="com.ptc.core.lwc.server.BaseDefinitionLoader.processPropertyPropertyValue">
      <csvname>tooltip</csvname>
      <csvisDefault>false</csvisDefault>
      <csvvalue>Instantiable</csvvalue>
      <csvlocale_en_us>Instantiable</csvlocale_en_us>
      <csvlocale_en_gb>Instantiable</csvlocale_en_gb>
      <csvlocale_zh_cn>可实例化</csvlocale_zh_cn>
      <csvlocale_zh_tw></csvlocale_zh_tw>
   </csvPropertyValue>
   <csvPropertyValue handler="com.ptc.core.lwc.server.BaseDefinitionLoader.processPropertyPropertyValue">
      <csvname>required</csvname>
      <csvisDefault>false</csvisDefault>
      <csvvalue>true</csvvalue>
   </csvPropertyValue>
   <csvEndPropertyDefView handler="com.ptc.core.lwc.server.BaseDefinitionLoader.endProcessPropertyDefinition"/>
   <csvBeginPropertyDefView handler="com.ptc.core.lwc.server.BaseDefinitionLoader.beginProcessPropertyDefinition">
      <csvname>displayName</csvname>
      <csvholderClass>com.ptc.core.lwc.server.LWCAttributeDefinition</csvholderClass>
      <csvdatatype>java.lang.String</csvdatatype>
      <csvsortOrder>100</csvsortOrder>
      <csvinherited>true</csvinherited>
      <csvcontentHolder>false</csvcontentHolder>
      <csvlegalFileTypeList/>
      <csvoverridable>true</csvoverridable>
      <csvlocalizable>true</csvlocalizable>
      <csvdatatypeAppliedTo/>
      <csvhidden>false</csvhidden>
      <csvreadOnly>false</csvreadOnly>
      <csvminValue/>
      <csvmaxValue/>
      <csvmaxLength/>
      <csvpattern/>
      <csvenumDef/>
      <csvtargetRoot/>
   </csvBeginPropertyDefView>
   <csvPropertyValue handler="com.ptc.core.lwc.server.BaseDefinitionLoader.processPropertyPropertyValue">
      <csvname>displayName</csvname>
      <csvisDefault>false</csvisDefault>
      <csvvalue>Display Name</csvvalue>
      <csvlocale_en_us>Display Name</csvlocale_en_us>
      <csvlocale_en_gb>Display Name</csvlocale_en_gb>
      <csvlocale_zh_cn>显示名称</csvlocale_zh_cn>
      <csvlocale_zh_tw></csvlocale_zh_tw>
   </csvPropertyValue>
   <csvPropertyValue handler="com.ptc.core.lwc.server.BaseDefinitionLoader.processPropertyPropertyValue">
      <csvname>description</csvname>
      <csvisDefault>false</csvisDefault>
      <csvvalue>Display Name</csvvalue>
      <csvlocale_en_us>Display Name</csvlocale_en_us>
      <csvlocale_en_gb>Display Name</csvlocale_en_gb>
      <csvlocale_zh_cn>显示名称</csvlocale_zh_cn>
      <csvlocale_zh_tw></csvlocale_zh_tw>
   </csvPropertyValue>
   <csvPropertyValue handler="com.ptc.core.lwc.server.BaseDefinitionLoader.processPropertyPropertyValue">
      <csvname>tooltip</csvname>
      <csvisDefault>false</csvisDefault>
      <csvvalue>Display Name</csvvalue>
      <csvlocale_en_us>Display Name</csvlocale_en_us>
      <csvlocale_en_gb>Display Name</csvlocale_en_gb>
      <csvlocale_zh_cn>显示名称</csvlocale_zh_cn>
      <csvlocale_zh_tw></csvlocale_zh_tw>
   </csvPropertyValue>
   <csvEndPropertyDefView handler="com.ptc.core.lwc.server.BaseDefinitionLoader.endProcessPropertyDefinition"/>
   <csvBeginPropertyDefView handler="com.ptc.core.lwc.server.BaseDefinitionLoader.beginProcessPropertyDefinition">
      <csvname>displayName</csvname>
      <csvholderClass>com.ptc.core.lwc.server.LWCConstraintRuleDefinition</csvholderClass>
      <csvdatatype>java.lang.String</csvdatatype>
      <csvsortOrder>100</csvsortOrder>
      <csvinherited>false</csvinherited>
      <csvcontentHolder>false</csvcontentHolder>
      <csvlegalFileTypeList/>
      <csvoverridable>false</csvoverridable>
      <csvlocalizable>true</csvlocalizable>
      <csvdatatypeAppliedTo/>
      <csvhidden>false</csvhidden>
      <csvreadOnly>false</csvreadOnly>
      <csvminValue/>
      <csvmaxValue/>
      <csvmaxLength/>
      <csvpattern/>
      <csvenumDef/>
      <csvtargetRoot/>
   </csvBeginPropertyDefView>
   <csvPropertyValue handler="com.ptc.core.lwc.server.BaseDefinitionLoader.processPropertyPropertyValue">
      <csvname>displayName</csvname>
      <csvisDefault>false</csvisDefault>
      <csvvalue>Display Name</csvvalue>
      <csvlocale_en_us>Display Name</csvlocale_en_us>
      <csvlocale_en_gb>Display Name</csvlocale_en_gb>
      <csvlocale_zh_cn>显示名称</csvlocale_zh_cn>
      <csvlocale_zh_tw></csvlocale_zh_tw>
   </csvPropertyValue>
   <csvPropertyValue handler="com.ptc.core.lwc.server.BaseDefinitionLoader.processPropertyPropertyValue">
      <csvname>description</csvname>
      <csvisDefault>false</csvisDefault>
      <csvvalue>Display Name</csvvalue>
      <csvlocale_en_us>Display Name</csvlocale_en_us>
      <csvlocale_en_gb>Display Name</csvlocale_en_gb>
      <csvlocale_zh_cn>显示名称</csvlocale_zh_cn>
      <csvlocale_zh_tw></csvlocale_zh_tw>
   </csvPropertyValue>
   <csvPropertyValue handler="com.ptc.core.lwc.server.BaseDefinitionLoader.processPropertyPropertyValue">
      <csvname>tooltip</csvname>
      <csvisDefault>false</csvisDefault>
      <csvvalue>Display Name</csvvalue>
      <csvlocale_en_us>Display Name</csvlocale_en_us>
      <csvlocale_en_gb>Display Name</csvlocale_en_gb>
      <csvlocale_zh_cn>显示名称</csvlocale_zh_cn>
      <csvlocale_zh_tw></csvlocale_zh_tw>
   </csvPropertyValue>
   <csvEndPropertyDefView handler="com.ptc.core.lwc.server.BaseDefinitionLoader.endProcessPropertyDefinition"/>
   <csvBeginPropertyDefView handler="com.ptc.core.lwc.server.BaseDefinitionLoader.beginProcessPropertyDefinition">
      <csvname>description</csvname>
      <csvholderClass>com.ptc.core.lwc.server.LWCConstraintRuleDefinition</csvholderClass>
      <csvdatatype>java.lang.String</csvdatatype>
      <csvsortOrder>200</csvsortOrder>
      <csvinherited>false</csvinherited>
      <csvcontentHolder>false</csvcontentHolder>
      <csvlegalFileTypeList/>
      <csvoverridable>false</csvoverridable>
      <csvlocalizable>true</csvlocalizable>
      <csvdatatypeAppliedTo/>
      <csvhidden>false</csvhidden>
      <csvreadOnly>false</csvreadOnly>
      <csvminValue/>
      <csvmaxValue/>
      <csvmaxLength/>
      <csvpattern/>
      <csvenumDef/>
      <csvtargetRoot/>
   </csvBeginPropertyDefView>
   <csvPropertyValue handler="com.ptc.core.lwc.server.BaseDefinitionLoader.processPropertyPropertyValue">
      <csvname>displayName</csvname>
      <csvisDefault>false</csvisDefault>
      <csvvalue>Description</csvvalue>
      <csvlocale_en_us>Description</csvlocale_en_us>
      <csvlocale_en_gb>Description</csvlocale_en_gb>
      <csvlocale_zh_cn>说明</csvlocale_zh_cn>
      <csvlocale_zh_tw></csvlocale_zh_tw>
   </csvPropertyValue>
   <csvPropertyValue handler="com.ptc.core.lwc.server.BaseDefinitionLoader.processPropertyPropertyValue">
      <csvname>description</csvname>
      <csvisDefault>false</csvisDefault>
      <csvvalue>Description</csvvalue>
      <csvlocale_en_us>Description</csvlocale_en_us>
      <csvlocale_en_gb>Description</csvlocale_en_gb>
      <csvlocale_zh_cn>说明</csvlocale_zh_cn>
      <csvlocale_zh_tw></csvlocale_zh_tw>
   </csvPropertyValue>
   <csvPropertyValue handler="com.ptc.core.lwc.server.BaseDefinitionLoader.processPropertyPropertyValue">
      <csvname>tooltip</csvname>
      <csvisDefault>false</csvisDefault>
      <csvvalue>Description</csvvalue>
      <csvlocale_en_us>Description</csvlocale_en_us>
      <csvlocale_en_gb>Description</csvlocale_en_gb>
      <csvlocale_zh_cn>说明</csvlocale_zh_cn>
      <csvlocale_zh_tw></csvlocale_zh_tw>
   </csvPropertyValue>
   <csvEndPropertyDefView handler="com.ptc.core.lwc.server.BaseDefinitionLoader.endProcessPropertyDefinition"/>
   <csvBeginPropertyDefView handler="com.ptc.core.lwc.server.BaseDefinitionLoader.beginProcessPropertyDefinition">
      <csvname>tooltip</csvname>
      <csvholderClass>com.ptc.core.lwc.server.LWCConstraintRuleDefinition</csvholderClass>
      <csvdatatype>java.lang.String</csvdatatype>
      <csvsortOrder>300</csvsortOrder>
      <csvinherited>false</csvinherited>
      <csvcontentHolder>false</csvcontentHolder>
      <csvlegalFileTypeList/>
      <csvoverridable>false</csvoverridable>
      <csvlocalizable>true</csvlocalizable>
      <csvdatatypeAppliedTo/>
      <csvhidden>true</csvhidden>
      <csvreadOnly>false</csvreadOnly>
      <csvminValue/>
      <csvmaxValue/>
      <csvmaxLength/>
      <csvpattern/>
      <csvenumDef/>
      <csvtargetRoot/>
   </csvBeginPropertyDefView>
   <csvPropertyValue handler="com.ptc.core.lwc.server.BaseDefinitionLoader.processPropertyPropertyValue">
      <csvname>displayName</csvname>
      <csvisDefault>false</csvisDefault>
      <csvvalue>Tooltip</csvvalue>
      <csvlocale_en_us>Tooltip</csvlocale_en_us>
      <csvlocale_en_gb>Tooltip</csvlocale_en_gb>
      <csvlocale_zh_cn>工具提示</csvlocale_zh_cn>
      <csvlocale_zh_tw></csvlocale_zh_tw>
   </csvPropertyValue>
   <csvPropertyValue handler="com.ptc.core.lwc.server.BaseDefinitionLoader.processPropertyPropertyValue">
      <csvname>description</csvname>
      <csvisDefault>false</csvisDefault>
      <csvvalue>Tooltip</csvvalue>
      <csvlocale_en_us>Tooltip</csvlocale_en_us>
      <csvlocale_en_gb>Tooltip</csvlocale_en_gb>
      <csvlocale_zh_cn>工具提示</csvlocale_zh_cn>
      <csvlocale_zh_tw></csvlocale_zh_tw>
   </csvPropertyValue>
   <csvPropertyValue handler="com.ptc.core.lwc.server.BaseDefinitionLoader.processPropertyPropertyValue">
      <csvname>tooltip</csvname>
      <csvisDefault>false</csvisDefault>
      <csvvalue>Tooltip</csvvalue>
      <csvlocale_en_us>Tooltip</csvlocale_en_us>
      <csvlocale_en_gb>Tooltip</csvlocale_en_gb>
      <csvlocale_zh_cn>工具提示</csvlocale_zh_cn>
      <csvlocale_zh_tw></csvlocale_zh_tw>
   </csvPropertyValue>
   <csvEndPropertyDefView handler="com.ptc.core.lwc.server.BaseDefinitionLoader.endProcessPropertyDefinition"/>
   <csvBeginPropertyDefView handler="com.ptc.core.lwc.server.BaseDefinitionLoader.beginProcessPropertyDefinition">
      <csvname>sort_order</csvname>
      <csvholderClass>com.ptc.core.lwc.server.LWCConstraintRuleDefinition</csvholderClass>
      <csvdatatype>java.lang.Integer</csvdatatype>
      <csvsortOrder/>
      <csvinherited>true</csvinherited>
      <csvcontentHolder>false</csvcontentHolder>
      <csvlegalFileTypeList/>
      <csvoverridable>true</csvoverridable>
      <csvlocalizable>false</csvlocalizable>
      <csvdatatypeAppliedTo/>
      <csvhidden>false</csvhidden>
      <csvreadOnly>false</csvreadOnly>
      <csvminValue/>
      <csvmaxValue/>
      <csvmaxLength/>
      <csvpattern/>
      <csvenumDef/>
      <csvtargetRoot/>
   </csvBeginPropertyDefView>
   <csvPropertyValue handler="com.ptc.core.lwc.server.BaseDefinitionLoader.processPropertyDefaultValue">
      <csvname>sort_order</csvname>
      <csvisDefault>false</csvisDefault>
      <csvvalue>1</csvvalue>
   </csvPropertyValue>
   <csvPropertyValue handler="com.ptc.core.lwc.server.BaseDefinitionLoader.processPropertyPropertyValue">
      <csvname>displayName</csvname>
      <csvisDefault>false</csvisDefault>
      <csvvalue>Sort Order</csvvalue>
      <csvlocale_en_us>Sort Order</csvlocale_en_us>
      <csvlocale_en_gb>Sort Order</csvlocale_en_gb>
      <csvlocale_zh_cn>排序顺序</csvlocale_zh_cn>
      <csvlocale_zh_tw></csvlocale_zh_tw>
   </csvPropertyValue>
   <csvPropertyValue handler="com.ptc.core.lwc.server.BaseDefinitionLoader.processPropertyPropertyValue">
      <csvname>description</csvname>
      <csvisDefault>false</csvisDefault>
      <csvvalue>Sort Order</csvvalue>
      <csvlocale_en_us>Sort Order</csvlocale_en_us>
      <csvlocale_en_gb>Sort Order</csvlocale_en_gb>
      <csvlocale_zh_cn>排序顺序</csvlocale_zh_cn>
      <csvlocale_zh_tw></csvlocale_zh_tw>
   </csvPropertyValue>
   <csvPropertyValue handler="com.ptc.core.lwc.server.BaseDefinitionLoader.processPropertyPropertyValue">
      <csvname>tooltip</csvname>
      <csvisDefault>false</csvisDefault>
      <csvvalue>Sort Order</csvvalue>
      <csvlocale_en_us>Sort Order</csvlocale_en_us>
      <csvlocale_en_gb>Sort Order</csvlocale_en_gb>
      <csvlocale_zh_cn>排序顺序</csvlocale_zh_cn>
      <csvlocale_zh_tw></csvlocale_zh_tw>
   </csvPropertyValue>
   <csvEndPropertyDefView handler="com.ptc.core.lwc.server.BaseDefinitionLoader.endProcessPropertyDefinition"/>
   <csvBeginPropertyDefView handler="com.ptc.core.lwc.server.BaseDefinitionLoader.beginProcessPropertyDefinition">
      <csvname>displayName</csvname>
      <csvholderClass>com.ptc.core.lwc.server.LWCDatatypeDefinition</csvholderClass>
      <csvdatatype>java.lang.String</csvdatatype>
      <csvsortOrder>100</csvsortOrder>
      <csvinherited>false</csvinherited>
      <csvcontentHolder>false</csvcontentHolder>
      <csvlegalFileTypeList/>
      <csvoverridable>false</csvoverridable>
      <csvlocalizable>true</csvlocalizable>
      <csvdatatypeAppliedTo/>
      <csvhidden>false</csvhidden>
      <csvreadOnly>false</csvreadOnly>
      <csvminValue/>
      <csvmaxValue/>
      <csvmaxLength/>
      <csvpattern/>
      <csvenumDef/>
      <csvtargetRoot/>
   </csvBeginPropertyDefView>
   <csvPropertyValue handler="com.ptc.core.lwc.server.BaseDefinitionLoader.processPropertyPropertyValue">
      <csvname>displayName</csvname>
      <csvisDefault>false</csvisDefault>
      <csvvalue>Display Name</csvvalue>
      <csvlocale_en_us>Display Name</csvlocale_en_us>
      <csvlocale_en_gb>Display Name</csvlocale_en_gb>
      <csvlocale_zh_cn>显示名称</csvlocale_zh_cn>
      <csvlocale_zh_tw></csvlocale_zh_tw>
   </csvPropertyValue>
   <csvPropertyValue handler="com.ptc.core.lwc.server.BaseDefinitionLoader.processPropertyPropertyValue">
      <csvname>description</csvname>
      <csvisDefault>false</csvisDefault>
      <csvvalue>Display Name</csvvalue>
      <csvlocale_en_us>Display Name</csvlocale_en_us>
      <csvlocale_en_gb>Display Name</csvlocale_en_gb>
      <csvlocale_zh_cn>显示名称</csvlocale_zh_cn>
      <csvlocale_zh_tw></csvlocale_zh_tw>
   </csvPropertyValue>
   <csvPropertyValue handler="com.ptc.core.lwc.server.BaseDefinitionLoader.processPropertyPropertyValue">
      <csvname>tooltip</csvname>
      <csvisDefault>false</csvisDefault>
      <csvvalue>Display Name</csvvalue>
      <csvlocale_en_us>Display Name</csvlocale_en_us>
      <csvlocale_en_gb>Display Name</csvlocale_en_gb>
      <csvlocale_zh_cn>显示名称</csvlocale_zh_cn>
      <csvlocale_zh_tw></csvlocale_zh_tw>
   </csvPropertyValue>
   <csvEndPropertyDefView handler="com.ptc.core.lwc.server.BaseDefinitionLoader.endProcessPropertyDefinition"/>
   <csvBeginPropertyDefView handler="com.ptc.core.lwc.server.BaseDefinitionLoader.beginProcessPropertyDefinition">
      <csvname>description</csvname>
      <csvholderClass>com.ptc.core.lwc.server.LWCDatatypeDefinition</csvholderClass>
      <csvdatatype>java.lang.String</csvdatatype>
      <csvsortOrder>200</csvsortOrder>
      <csvinherited>false</csvinherited>
      <csvcontentHolder>false</csvcontentHolder>
      <csvlegalFileTypeList/>
      <csvoverridable>false</csvoverridable>
      <csvlocalizable>true</csvlocalizable>
      <csvdatatypeAppliedTo/>
      <csvhidden>false</csvhidden>
      <csvreadOnly>false</csvreadOnly>
      <csvminValue/>
      <csvmaxValue/>
      <csvmaxLength/>
      <csvpattern/>
      <csvenumDef/>
      <csvtargetRoot/>
   </csvBeginPropertyDefView>
   <csvPropertyValue handler="com.ptc.core.lwc.server.BaseDefinitionLoader.processPropertyPropertyValue">
      <csvname>displayName</csvname>
      <csvisDefault>false</csvisDefault>
      <csvvalue>Description</csvvalue>
      <csvlocale_en_us>Description</csvlocale_en_us>
      <csvlocale_en_gb>Description</csvlocale_en_gb>
      <csvlocale_zh_cn>说明</csvlocale_zh_cn>
      <csvlocale_zh_tw></csvlocale_zh_tw>
   </csvPropertyValue>
   <csvPropertyValue handler="com.ptc.core.lwc.server.BaseDefinitionLoader.processPropertyPropertyValue">
      <csvname>description</csvname>
      <csvisDefault>false</csvisDefault>
      <csvvalue>Description</csvvalue>
      <csvlocale_en_us>Description</csvlocale_en_us>
      <csvlocale_en_gb>Description</csvlocale_en_gb>
      <csvlocale_zh_cn>说明</csvlocale_zh_cn>
      <csvlocale_zh_tw></csvlocale_zh_tw>
   </csvPropertyValue>
   <csvPropertyValue handler="com.ptc.core.lwc.server.BaseDefinitionLoader.processPropertyPropertyValue">
      <csvname>tooltip</csvname>
      <csvisDefault>false</csvisDefault>
      <csvvalue>Description</csvvalue>
      <csvlocale_en_us>Description</csvlocale_en_us>
      <csvlocale_en_gb>Description</csvlocale_en_gb>
      <csvlocale_zh_cn>说明</csvlocale_zh_cn>
      <csvlocale_zh_tw></csvlocale_zh_tw>
   </csvPropertyValue>
   <csvEndPropertyDefView handler="com.ptc.core.lwc.server.BaseDefinitionLoader.endProcessPropertyDefinition"/>
   <csvBeginPropertyDefView handler="com.ptc.core.lwc.server.BaseDefinitionLoader.beginProcessPropertyDefinition">
      <csvname>tooltip</csvname>
      <csvholderClass>com.ptc.core.lwc.server.LWCDatatypeDefinition</csvholderClass>
      <csvdatatype>java.lang.String</csvdatatype>
      <csvsortOrder>300</csvsortOrder>
      <csvinherited>false</csvinherited>
      <csvcontentHolder>false</csvcontentHolder>
      <csvlegalFileTypeList/>
      <csvoverridable>false</csvoverridable>
      <csvlocalizable>true</csvlocalizable>
      <csvdatatypeAppliedTo/>
      <csvhidden>true</csvhidden>
      <csvreadOnly>false</csvreadOnly>
      <csvminValue/>
      <csvmaxValue/>
      <csvmaxLength/>
      <csvpattern/>
      <csvenumDef/>
      <csvtargetRoot/>
   </csvBeginPropertyDefView>
   <csvPropertyValue handler="com.ptc.core.lwc.server.BaseDefinitionLoader.processPropertyPropertyValue">
      <csvname>displayName</csvname>
      <csvisDefault>false</csvisDefault>
      <csvvalue>Tooltip</csvvalue>
      <csvlocale_en_us>Tooltip</csvlocale_en_us>
      <csvlocale_en_gb>Tooltip</csvlocale_en_gb>
      <csvlocale_zh_cn>工具提示</csvlocale_zh_cn>
      <csvlocale_zh_tw></csvlocale_zh_tw>
   </csvPropertyValue>
   <csvPropertyValue handler="com.ptc.core.lwc.server.BaseDefinitionLoader.processPropertyPropertyValue">
      <csvname>description</csvname>
      <csvisDefault>false</csvisDefault>
      <csvvalue>Tooltip</csvvalue>
      <csvlocale_en_us>Tooltip</csvlocale_en_us>
      <csvlocale_en_gb>Tooltip</csvlocale_en_gb>
      <csvlocale_zh_cn>工具提示</csvlocale_zh_cn>
      <csvlocale_zh_tw></csvlocale_zh_tw>
   </csvPropertyValue>
   <csvPropertyValue handler="com.ptc.core.lwc.server.BaseDefinitionLoader.processPropertyPropertyValue">
      <csvname>tooltip</csvname>
      <csvisDefault>false</csvisDefault>
      <csvvalue>Tooltip</csvvalue>
      <csvlocale_en_us>Tooltip</csvlocale_en_us>
      <csvlocale_en_gb>Tooltip</csvlocale_en_gb>
      <csvlocale_zh_cn>工具提示</csvlocale_zh_cn>
      <csvlocale_zh_tw></csvlocale_zh_tw>
   </csvPropertyValue>
   <csvEndPropertyDefView handler="com.ptc.core.lwc.server.BaseDefinitionLoader.endProcessPropertyDefinition"/>
   <csvBeginPropertyDefView handler="com.ptc.core.lwc.server.BaseDefinitionLoader.beginProcessPropertyDefinition">
      <csvname>icon</csvname>
      <csvholderClass>com.ptc.core.lwc.server.LWCDatatypeDefinition</csvholderClass>
      <csvdatatype>java.lang.String</csvdatatype>
      <csvsortOrder>400</csvsortOrder>
      <csvinherited>true</csvinherited>
      <csvcontentHolder>false</csvcontentHolder>
      <csvlegalFileTypeList/>
      <csvoverridable>true</csvoverridable>
      <csvlocalizable>false</csvlocalizable>
      <csvdatatypeAppliedTo/>
      <csvhidden>false</csvhidden>
      <csvreadOnly>false</csvreadOnly>
      <csvminValue/>
      <csvmaxValue/>
      <csvmaxLength/>
      <csvpattern/>
      <csvenumDef/>
      <csvtargetRoot/>
   </csvBeginPropertyDefView>
   <csvPropertyValue handler="com.ptc.core.lwc.server.BaseDefinitionLoader.processPropertyPropertyValue">
      <csvname>displayName</csvname>
      <csvisDefault>false</csvisDefault>
      <csvvalue>Icon</csvvalue>
      <csvlocale_en_us>Icon</csvlocale_en_us>
      <csvlocale_en_gb>Icon</csvlocale_en_gb>
      <csvlocale_zh_cn>图标</csvlocale_zh_cn>
      <csvlocale_zh_tw></csvlocale_zh_tw>
   </csvPropertyValue>
   <csvPropertyValue handler="com.ptc.core.lwc.server.BaseDefinitionLoader.processPropertyPropertyValue">
      <csvname>description</csvname>
      <csvisDefault>false</csvisDefault>
      <csvvalue>Icon</csvvalue>
      <csvlocale_en_us>Icon</csvlocale_en_us>
      <csvlocale_en_gb>Icon</csvlocale_en_gb>
      <csvlocale_zh_cn>图标</csvlocale_zh_cn>
      <csvlocale_zh_tw></csvlocale_zh_tw>
   </csvPropertyValue>
   <csvPropertyValue handler="com.ptc.core.lwc.server.BaseDefinitionLoader.processPropertyPropertyValue">
      <csvname>tooltip</csvname>
      <csvisDefault>false</csvisDefault>
      <csvvalue>Icon</csvvalue>
      <csvlocale_en_us>Icon</csvlocale_en_us>
      <csvlocale_en_gb>Icon</csvlocale_en_gb>
      <csvlocale_zh_cn>图标</csvlocale_zh_cn>
      <csvlocale_zh_tw></csvlocale_zh_tw>
   </csvPropertyValue>
   <csvEndPropertyDefView handler="com.ptc.core.lwc.server.BaseDefinitionLoader.endProcessPropertyDefinition"/>
   <csvBeginPropertyDefView handler="com.ptc.core.lwc.server.BaseDefinitionLoader.beginProcessPropertyDefinition">
      <csvname>guiHandlerClass</csvname>
      <csvholderClass>com.ptc.core.lwc.server.LWCDatatypeDefinition</csvholderClass>
      <csvdatatype>java.lang.String</csvdatatype>
      <csvsortOrder>5000</csvsortOrder>
      <csvinherited>false</csvinherited>
      <csvcontentHolder>false</csvcontentHolder>
      <csvlegalFileTypeList/>
      <csvoverridable>false</csvoverridable>
      <csvlocalizable>false</csvlocalizable>
      <csvdatatypeAppliedTo/>
      <csvhidden>true</csvhidden>
      <csvreadOnly>false</csvreadOnly>
      <csvminValue/>
      <csvmaxValue/>
      <csvmaxLength/>
      <csvpattern/>
      <csvenumDef/>
      <csvtargetRoot/>
   </csvBeginPropertyDefView>
   <csvEndPropertyDefView handler="com.ptc.core.lwc.server.BaseDefinitionLoader.endProcessPropertyDefinition"/>
   <csvBeginPropertyDefView handler="com.ptc.core.lwc.server.BaseDefinitionLoader.beginProcessPropertyDefinition">
      <csvname>displayName</csvname>
      <csvholderClass>com.ptc.core.lwc.server.LWCDisplayStyle</csvholderClass>
      <csvdatatype>java.lang.String</csvdatatype>
      <csvsortOrder>100</csvsortOrder>
      <csvinherited>false</csvinherited>
      <csvcontentHolder>false</csvcontentHolder>
      <csvlegalFileTypeList/>
      <csvoverridable>false</csvoverridable>
      <csvlocalizable>true</csvlocalizable>
      <csvdatatypeAppliedTo/>
      <csvhidden>false</csvhidden>
      <csvreadOnly>false</csvreadOnly>
      <csvminValue/>
      <csvmaxValue/>
      <csvmaxLength/>
      <csvpattern/>
      <csvenumDef/>
      <csvtargetRoot/>
   </csvBeginPropertyDefView>
   <csvPropertyValue handler="com.ptc.core.lwc.server.BaseDefinitionLoader.processPropertyPropertyValue">
      <csvname>displayName</csvname>
      <csvisDefault>false</csvisDefault>
      <csvvalue>Display Name</csvvalue>
      <csvlocale_en_us>Display Name</csvlocale_en_us>
      <csvlocale_en_gb>Display Name</csvlocale_en_gb>
      <csvlocale_zh_cn>显示名称</csvlocale_zh_cn>
      <csvlocale_zh_tw></csvlocale_zh_tw>
   </csvPropertyValue>
   <csvPropertyValue handler="com.ptc.core.lwc.server.BaseDefinitionLoader.processPropertyPropertyValue">
      <csvname>description</csvname>
      <csvisDefault>false</csvisDefault>
      <csvvalue>Display Name</csvvalue>
      <csvlocale_en_us>Display Name</csvlocale_en_us>
      <csvlocale_en_gb>Display Name</csvlocale_en_gb>
      <csvlocale_zh_cn>显示名称</csvlocale_zh_cn>
      <csvlocale_zh_tw></csvlocale_zh_tw>
   </csvPropertyValue>
   <csvPropertyValue handler="com.ptc.core.lwc.server.BaseDefinitionLoader.processPropertyPropertyValue">
      <csvname>tooltip</csvname>
      <csvisDefault>false</csvisDefault>
      <csvvalue>Display Name</csvvalue>
      <csvlocale_en_us>Display Name</csvlocale_en_us>
      <csvlocale_en_gb>Display Name</csvlocale_en_gb>
      <csvlocale_zh_cn>显示名称</csvlocale_zh_cn>
      <csvlocale_zh_tw></csvlocale_zh_tw>
   </csvPropertyValue>
   <csvEndPropertyDefView handler="com.ptc.core.lwc.server.BaseDefinitionLoader.endProcessPropertyDefinition"/>
   <csvBeginPropertyDefView handler="com.ptc.core.lwc.server.BaseDefinitionLoader.beginProcessPropertyDefinition">
      <csvname>description</csvname>
      <csvholderClass>com.ptc.core.lwc.server.LWCDisplayStyle</csvholderClass>
      <csvdatatype>java.lang.String</csvdatatype>
      <csvsortOrder>200</csvsortOrder>
      <csvinherited>false</csvinherited>
      <csvcontentHolder>false</csvcontentHolder>
      <csvlegalFileTypeList/>
      <csvoverridable>false</csvoverridable>
      <csvlocalizable>true</csvlocalizable>
      <csvdatatypeAppliedTo/>
      <csvhidden>false</csvhidden>
      <csvreadOnly>false</csvreadOnly>
      <csvminValue/>
      <csvmaxValue/>
      <csvmaxLength/>
      <csvpattern/>
      <csvenumDef/>
      <csvtargetRoot/>
   </csvBeginPropertyDefView>
   <csvPropertyValue handler="com.ptc.core.lwc.server.BaseDefinitionLoader.processPropertyPropertyValue">
      <csvname>displayName</csvname>
      <csvisDefault>false</csvisDefault>
      <csvvalue>Description</csvvalue>
      <csvlocale_en_us>Description</csvlocale_en_us>
      <csvlocale_en_gb>Description</csvlocale_en_gb>
      <csvlocale_zh_cn>说明</csvlocale_zh_cn>
      <csvlocale_zh_tw></csvlocale_zh_tw>
   </csvPropertyValue>
   <csvPropertyValue handler="com.ptc.core.lwc.server.BaseDefinitionLoader.processPropertyPropertyValue">
      <csvname>description</csvname>
      <csvisDefault>false</csvisDefault>
      <csvvalue>Description</csvvalue>
      <csvlocale_en_us>Description</csvlocale_en_us>
      <csvlocale_en_gb>Description</csvlocale_en_gb>
      <csvlocale_zh_cn>说明</csvlocale_zh_cn>
      <csvlocale_zh_tw></csvlocale_zh_tw>
   </csvPropertyValue>
   <csvPropertyValue handler="com.ptc.core.lwc.server.BaseDefinitionLoader.processPropertyPropertyValue">
      <csvname>tooltip</csvname>
      <csvisDefault>false</csvisDefault>
      <csvvalue>Description</csvvalue>
      <csvlocale_en_us>Description</csvlocale_en_us>
      <csvlocale_en_gb>Description</csvlocale_en_gb>
      <csvlocale_zh_cn>说明</csvlocale_zh_cn>
      <csvlocale_zh_tw></csvlocale_zh_tw>
   </csvPropertyValue>
   <csvEndPropertyDefView handler="com.ptc.core.lwc.server.BaseDefinitionLoader.endProcessPropertyDefinition"/>
   <csvBeginPropertyDefView handler="com.ptc.core.lwc.server.BaseDefinitionLoader.beginProcessPropertyDefinition">
      <csvname>tooltip</csvname>
      <csvholderClass>com.ptc.core.lwc.server.LWCDisplayStyle</csvholderClass>
      <csvdatatype>java.lang.String</csvdatatype>
      <csvsortOrder>300</csvsortOrder>
      <csvinherited>false</csvinherited>
      <csvcontentHolder>false</csvcontentHolder>
      <csvlegalFileTypeList/>
      <csvoverridable>false</csvoverridable>
      <csvlocalizable>true</csvlocalizable>
      <csvdatatypeAppliedTo/>
      <csvhidden>true</csvhidden>
      <csvreadOnly>false</csvreadOnly>
      <csvminValue/>
      <csvmaxValue/>
      <csvmaxLength/>
      <csvpattern/>
      <csvenumDef/>
      <csvtargetRoot/>
   </csvBeginPropertyDefView>
   <csvPropertyValue handler="com.ptc.core.lwc.server.BaseDefinitionLoader.processPropertyPropertyValue">
      <csvname>displayName</csvname>
      <csvisDefault>false</csvisDefault>
      <csvvalue>Tooltip</csvvalue>
      <csvlocale_en_us>Tooltip</csvlocale_en_us>
      <csvlocale_en_gb>Tooltip</csvlocale_en_gb>
      <csvlocale_zh_cn>工具提示</csvlocale_zh_cn>
      <csvlocale_zh_tw></csvlocale_zh_tw>
   </csvPropertyValue>
   <csvPropertyValue handler="com.ptc.core.lwc.server.BaseDefinitionLoader.processPropertyPropertyValue">
      <csvname>description</csvname>
      <csvisDefault>false</csvisDefault>
      <csvvalue>Tooltip</csvvalue>
      <csvlocale_en_us>Tooltip</csvlocale_en_us>
      <csvlocale_en_gb>Tooltip</csvlocale_en_gb>
      <csvlocale_zh_cn>工具提示</csvlocale_zh_cn>
      <csvlocale_zh_tw></csvlocale_zh_tw>
   </csvPropertyValue>
   <csvPropertyValue handler="com.ptc.core.lwc.server.BaseDefinitionLoader.processPropertyPropertyValue">
      <csvname>tooltip</csvname>
      <csvisDefault>false</csvisDefault>
      <csvvalue>Tooltip</csvvalue>
      <csvlocale_en_us>Tooltip</csvlocale_en_us>
      <csvlocale_en_gb>Tooltip</csvlocale_en_gb>
      <csvlocale_zh_cn>工具提示</csvlocale_zh_cn>
      <csvlocale_zh_tw></csvlocale_zh_tw>
   </csvPropertyValue>
   <csvEndPropertyDefView handler="com.ptc.core.lwc.server.BaseDefinitionLoader.endProcessPropertyDefinition"/>
   <csvBeginPropertyDefView handler="com.ptc.core.lwc.server.BaseDefinitionLoader.beginProcessPropertyDefinition">
      <csvname>displayName</csvname>
      <csvholderClass>com.ptc.core.lwc.server.LWCGroupDefinition</csvholderClass>
      <csvdatatype>java.lang.String</csvdatatype>
      <csvsortOrder>100</csvsortOrder>
      <csvinherited>true</csvinherited>
      <csvcontentHolder>false</csvcontentHolder>
      <csvlegalFileTypeList/>
      <csvoverridable>true</csvoverridable>
      <csvlocalizable>true</csvlocalizable>
      <csvdatatypeAppliedTo/>
      <csvhidden>false</csvhidden>
      <csvreadOnly>false</csvreadOnly>
      <csvminValue/>
      <csvmaxValue/>
      <csvmaxLength/>
      <csvpattern/>
      <csvenumDef/>
      <csvtargetRoot/>
   </csvBeginPropertyDefView>
   <csvPropertyValue handler="com.ptc.core.lwc.server.BaseDefinitionLoader.processPropertyPropertyValue">
      <csvname>displayName</csvname>
      <csvisDefault>false</csvisDefault>
      <csvvalue>Group Display Name</csvvalue>
      <csvlocale_en_us>Group Display Name</csvlocale_en_us>
      <csvlocale_en_gb>Group Display Name</csvlocale_en_gb>
      <csvlocale_zh_cn>组显示名称</csvlocale_zh_cn>
      <csvlocale_zh_tw></csvlocale_zh_tw>
   </csvPropertyValue>
   <csvPropertyValue handler="com.ptc.core.lwc.server.BaseDefinitionLoader.processPropertyPropertyValue">
      <csvname>description</csvname>
      <csvisDefault>false</csvisDefault>
      <csvvalue>Group Display Name</csvvalue>
      <csvlocale_en_us>Group Display Name</csvlocale_en_us>
      <csvlocale_en_gb>Group Display Name</csvlocale_en_gb>
      <csvlocale_zh_cn>组显示名称</csvlocale_zh_cn>
      <csvlocale_zh_tw></csvlocale_zh_tw>
   </csvPropertyValue>
   <csvPropertyValue handler="com.ptc.core.lwc.server.BaseDefinitionLoader.processPropertyPropertyValue">
      <csvname>tooltip</csvname>
      <csvisDefault>false</csvisDefault>
      <csvvalue>Group Display Name</csvvalue>
      <csvlocale_en_us>Group Display Name</csvlocale_en_us>
      <csvlocale_en_gb>Group Display Name</csvlocale_en_gb>
      <csvlocale_zh_cn>组显示名称</csvlocale_zh_cn>
      <csvlocale_zh_tw></csvlocale_zh_tw>
   </csvPropertyValue>
   <csvEndPropertyDefView handler="com.ptc.core.lwc.server.BaseDefinitionLoader.endProcessPropertyDefinition"/>
   <csvBeginPropertyDefView handler="com.ptc.core.lwc.server.BaseDefinitionLoader.beginProcessPropertyDefinition">
      <csvname>inputRequired</csvname>
      <csvholderClass>com.ptc.core.lwc.server.LWCGroupMembership</csvholderClass>
      <csvdatatype>java.lang.Boolean</csvdatatype>
      <csvsortOrder/>
      <csvinherited>true</csvinherited>
      <csvcontentHolder>false</csvcontentHolder>
      <csvlegalFileTypeList/>
      <csvoverridable>true</csvoverridable>
      <csvlocalizable>false</csvlocalizable>
      <csvdatatypeAppliedTo/>
      <csvhidden>false</csvhidden>
      <csvreadOnly>false</csvreadOnly>
      <csvminValue/>
      <csvmaxValue/>
      <csvmaxLength/>
      <csvpattern/>
      <csvenumDef/>
      <csvtargetRoot/>
   </csvBeginPropertyDefView>
   <csvPropertyValue handler="com.ptc.core.lwc.server.BaseDefinitionLoader.processPropertyPropertyValue">
      <csvname>displayName</csvname>
      <csvisDefault>false</csvisDefault>
      <csvvalue>Input Required</csvvalue>
      <csvlocale_en_us>Input Required</csvlocale_en_us>
      <csvlocale_en_gb>Input Required</csvlocale_en_gb>
      <csvlocale_zh_cn>必需的输入</csvlocale_zh_cn>
      <csvlocale_zh_tw></csvlocale_zh_tw>
   </csvPropertyValue>
   <csvPropertyValue handler="com.ptc.core.lwc.server.BaseDefinitionLoader.processPropertyPropertyValue">
      <csvname>description</csvname>
      <csvisDefault>false</csvisDefault>
      <csvvalue>Indicates whether a value must be entered for an input field.</csvvalue>
      <csvlocale_en_us>Indicates whether a value must be entered for an input field.</csvlocale_en_us>
      <csvlocale_en_gb>Indicates whether a value must be entered for an input field.</csvlocale_en_gb>
      <csvlocale_zh_cn>指示是否必须为输入字段输入一个值。</csvlocale_zh_cn>
      <csvlocale_zh_tw></csvlocale_zh_tw>
   </csvPropertyValue>
   <csvEndPropertyDefView handler="com.ptc.core.lwc.server.BaseDefinitionLoader.endProcessPropertyDefinition"/>
   <csvBeginPropertyDefView handler="com.ptc.core.lwc.server.BaseDefinitionLoader.beginProcessPropertyDefinition">
      <csvname>col_span</csvname>
      <csvholderClass>com.ptc.core.lwc.server.LWCGroupMembership</csvholderClass>
      <csvdatatype>java.lang.Integer</csvdatatype>
      <csvsortOrder/>
      <csvinherited>true</csvinherited>
      <csvcontentHolder>false</csvcontentHolder>
      <csvlegalFileTypeList/>
      <csvoverridable>true</csvoverridable>
      <csvlocalizable>false</csvlocalizable>
      <csvdatatypeAppliedTo/>
      <csvhidden>false</csvhidden>
      <csvreadOnly>false</csvreadOnly>
      <csvminValue/>
      <csvmaxValue/>
      <csvmaxLength/>
      <csvpattern/>
      <csvenumDef/>
      <csvtargetRoot/>
   </csvBeginPropertyDefView>
   <csvPropertyValue handler="com.ptc.core.lwc.server.BaseDefinitionLoader.processPropertyPropertyValue">
      <csvname>displayName</csvname>
      <csvisDefault>false</csvisDefault>
      <csvvalue>Column Span</csvvalue>
      <csvlocale_en_us>Column Span</csvlocale_en_us>
      <csvlocale_en_gb>Column Span</csvlocale_en_gb>
      <csvlocale_zh_cn>列跨度</csvlocale_zh_cn>
      <csvlocale_zh_tw></csvlocale_zh_tw>
   </csvPropertyValue>
   <csvPropertyValue handler="com.ptc.core.lwc.server.BaseDefinitionLoader.processPropertyPropertyValue">
      <csvname>description</csvname>
      <csvisDefault>false</csvisDefault>
      <csvvalue>Column Span</csvvalue>
      <csvlocale_en_us>Column Span</csvlocale_en_us>
      <csvlocale_en_gb>Column Span</csvlocale_en_gb>
      <csvlocale_zh_cn>列跨度</csvlocale_zh_cn>
      <csvlocale_zh_tw></csvlocale_zh_tw>
   </csvPropertyValue>
   <csvPropertyValue handler="com.ptc.core.lwc.server.BaseDefinitionLoader.processPropertyPropertyValue">
      <csvname>tooltip</csvname>
      <csvisDefault>false</csvisDefault>
      <csvvalue>Column Span</csvvalue>
      <csvlocale_en_us>Column Span</csvlocale_en_us>
      <csvlocale_en_gb>Column Span</csvlocale_en_gb>
      <csvlocale_zh_cn>列跨度</csvlocale_zh_cn>
      <csvlocale_zh_tw></csvlocale_zh_tw>
   </csvPropertyValue>
   <csvEndPropertyDefView handler="com.ptc.core.lwc.server.BaseDefinitionLoader.endProcessPropertyDefinition"/>
   <csvBeginPropertyDefView handler="com.ptc.core.lwc.server.BaseDefinitionLoader.beginProcessPropertyDefinition">
      <csvname>col_coord</csvname>
      <csvholderClass>com.ptc.core.lwc.server.LWCGroupMembership</csvholderClass>
      <csvdatatype>java.lang.Integer</csvdatatype>
      <csvsortOrder/>
      <csvinherited>true</csvinherited>
      <csvcontentHolder>false</csvcontentHolder>
      <csvlegalFileTypeList/>
      <csvoverridable>true</csvoverridable>
      <csvlocalizable>false</csvlocalizable>
      <csvdatatypeAppliedTo/>
      <csvhidden>false</csvhidden>
      <csvreadOnly>false</csvreadOnly>
      <csvminValue/>
      <csvmaxValue/>
      <csvmaxLength/>
      <csvpattern/>
      <csvenumDef/>
      <csvtargetRoot/>
   </csvBeginPropertyDefView>
   <csvPropertyValue handler="com.ptc.core.lwc.server.BaseDefinitionLoader.processPropertyPropertyValue">
      <csvname>displayName</csvname>
      <csvisDefault>false</csvisDefault>
      <csvvalue>Column Coordinate</csvvalue>
      <csvlocale_en_us>Column Coordinate</csvlocale_en_us>
      <csvlocale_en_gb>Column Coordinate</csvlocale_en_gb>
      <csvlocale_zh_cn>列坐标</csvlocale_zh_cn>
      <csvlocale_zh_tw></csvlocale_zh_tw>
   </csvPropertyValue>
   <csvPropertyValue handler="com.ptc.core.lwc.server.BaseDefinitionLoader.processPropertyPropertyValue">
      <csvname>description</csvname>
      <csvisDefault>false</csvisDefault>
      <csvvalue>Column Coordinate</csvvalue>
      <csvlocale_en_us>Column Coordinate</csvlocale_en_us>
      <csvlocale_en_gb>Column Coordinate</csvlocale_en_gb>
      <csvlocale_zh_cn>列坐标</csvlocale_zh_cn>
      <csvlocale_zh_tw></csvlocale_zh_tw>
   </csvPropertyValue>
   <csvPropertyValue handler="com.ptc.core.lwc.server.BaseDefinitionLoader.processPropertyPropertyValue">
      <csvname>tooltip</csvname>
      <csvisDefault>false</csvisDefault>
      <csvvalue>Column Coordinate</csvvalue>
      <csvlocale_en_us>Column Coordinate</csvlocale_en_us>
      <csvlocale_en_gb>Column Coordinate</csvlocale_en_gb>
      <csvlocale_zh_cn>列坐标</csvlocale_zh_cn>
      <csvlocale_zh_tw></csvlocale_zh_tw>
   </csvPropertyValue>
   <csvEndPropertyDefView handler="com.ptc.core.lwc.server.BaseDefinitionLoader.endProcessPropertyDefinition"/>
   <csvBeginPropertyDefView handler="com.ptc.core.lwc.server.BaseDefinitionLoader.beginProcessPropertyDefinition">
      <csvname>row_coord</csvname>
      <csvholderClass>com.ptc.core.lwc.server.LWCGroupMembership</csvholderClass>
      <csvdatatype>java.lang.Integer</csvdatatype>
      <csvsortOrder/>
      <csvinherited>true</csvinherited>
      <csvcontentHolder>false</csvcontentHolder>
      <csvlegalFileTypeList/>
      <csvoverridable>true</csvoverridable>
      <csvlocalizable>false</csvlocalizable>
      <csvdatatypeAppliedTo/>
      <csvhidden>false</csvhidden>
      <csvreadOnly>false</csvreadOnly>
      <csvminValue/>
      <csvmaxValue/>
      <csvmaxLength/>
      <csvpattern/>
      <csvenumDef/>
      <csvtargetRoot/>
   </csvBeginPropertyDefView>
   <csvPropertyValue handler="com.ptc.core.lwc.server.BaseDefinitionLoader.processPropertyPropertyValue">
      <csvname>displayName</csvname>
      <csvisDefault>false</csvisDefault>
      <csvvalue>Row Coordinate</csvvalue>
      <csvlocale_en_us>Row Coordinate</csvlocale_en_us>
      <csvlocale_en_gb>Row Coordinate</csvlocale_en_gb>
      <csvlocale_zh_cn>行坐标</csvlocale_zh_cn>
      <csvlocale_zh_tw></csvlocale_zh_tw>
   </csvPropertyValue>
   <csvPropertyValue handler="com.ptc.core.lwc.server.BaseDefinitionLoader.processPropertyPropertyValue">
      <csvname>description</csvname>
      <csvisDefault>false</csvisDefault>
      <csvvalue>Row Coordinate</csvvalue>
      <csvlocale_en_us>Row Coordinate</csvlocale_en_us>
      <csvlocale_en_gb>Row Coordinate</csvlocale_en_gb>
      <csvlocale_zh_cn>行坐标</csvlocale_zh_cn>
      <csvlocale_zh_tw></csvlocale_zh_tw>
   </csvPropertyValue>
   <csvPropertyValue handler="com.ptc.core.lwc.server.BaseDefinitionLoader.processPropertyPropertyValue">
      <csvname>tooltip</csvname>
      <csvisDefault>false</csvisDefault>
      <csvvalue>Row Coordinate</csvvalue>
      <csvlocale_en_us>Row Coordinate</csvlocale_en_us>
      <csvlocale_en_gb>Row Coordinate</csvlocale_en_gb>
      <csvlocale_zh_cn>行坐标</csvlocale_zh_cn>
      <csvlocale_zh_tw></csvlocale_zh_tw>
   </csvPropertyValue>
   <csvEndPropertyDefView handler="com.ptc.core.lwc.server.BaseDefinitionLoader.endProcessPropertyDefinition"/>
   <csvBeginPropertyDefView handler="com.ptc.core.lwc.server.BaseDefinitionLoader.beginProcessPropertyDefinition">
      <csvname>sort_order</csvname>
      <csvholderClass>com.ptc.core.lwc.server.LWCLayoutComponentDefinition</csvholderClass>
      <csvdatatype>java.lang.Integer</csvdatatype>
      <csvsortOrder/>
      <csvinherited>true</csvinherited>
      <csvcontentHolder>false</csvcontentHolder>
      <csvlegalFileTypeList/>
      <csvoverridable>true</csvoverridable>
      <csvlocalizable>false</csvlocalizable>
      <csvdatatypeAppliedTo/>
      <csvhidden>true</csvhidden>
      <csvreadOnly>false</csvreadOnly>
      <csvminValue/>
      <csvmaxValue/>
      <csvmaxLength/>
      <csvpattern/>
      <csvenumDef/>
      <csvtargetRoot/>
   </csvBeginPropertyDefView>
   <csvPropertyValue handler="com.ptc.core.lwc.server.BaseDefinitionLoader.processPropertyDefaultValue">
      <csvname>sort_order</csvname>
      <csvisDefault>false</csvisDefault>
      <csvvalue>1</csvvalue>
   </csvPropertyValue>
   <csvPropertyValue handler="com.ptc.core.lwc.server.BaseDefinitionLoader.processPropertyPropertyValue">
      <csvname>displayName</csvname>
      <csvisDefault>false</csvisDefault>
      <csvvalue>Sort Order</csvvalue>
      <csvlocale_en_us></csvlocale_en_us>
      <csvlocale_en_gb></csvlocale_en_gb>
      <csvlocale_zh_cn>Sort Order</csvlocale_zh_cn>
      <csvlocale_zh_tw></csvlocale_zh_tw>
   </csvPropertyValue>
   <csvPropertyValue handler="com.ptc.core.lwc.server.BaseDefinitionLoader.processPropertyPropertyValue">
      <csvname>description</csvname>
      <csvisDefault>false</csvisDefault>
      <csvvalue>Sort Order</csvvalue>
      <csvlocale_en_us></csvlocale_en_us>
      <csvlocale_en_gb></csvlocale_en_gb>
      <csvlocale_zh_cn>Sort Order</csvlocale_zh_cn>
      <csvlocale_zh_tw></csvlocale_zh_tw>
   </csvPropertyValue>
   <csvPropertyValue handler="com.ptc.core.lwc.server.BaseDefinitionLoader.processPropertyPropertyValue">
      <csvname>tooltip</csvname>
      <csvisDefault>false</csvisDefault>
      <csvvalue>Sort Order</csvvalue>
      <csvlocale_en_us></csvlocale_en_us>
      <csvlocale_en_gb></csvlocale_en_gb>
      <csvlocale_zh_cn>Sort Order</csvlocale_zh_cn>
      <csvlocale_zh_tw></csvlocale_zh_tw>
   </csvPropertyValue>
   <csvPropertyValue handler="com.ptc.core.lwc.server.BaseDefinitionLoader.processPropertyPropertyValue">
      <csvname>required</csvname>
      <csvisDefault>false</csvisDefault>
      <csvvalue>true</csvvalue>
   </csvPropertyValue>
   <csvEndPropertyDefView handler="com.ptc.core.lwc.server.BaseDefinitionLoader.endProcessPropertyDefinition"/>
   <csvBeginPropertyDefView handler="com.ptc.core.lwc.server.BaseDefinitionLoader.beginProcessPropertyDefinition">
      <csvname>displayName</csvname>
      <csvholderClass>com.ptc.core.lwc.server.LWCScreenDefinition</csvholderClass>
      <csvdatatype>java.lang.String</csvdatatype>
      <csvsortOrder>100</csvsortOrder>
      <csvinherited>false</csvinherited>
      <csvcontentHolder>false</csvcontentHolder>
      <csvlegalFileTypeList/>
      <csvoverridable>false</csvoverridable>
      <csvlocalizable>true</csvlocalizable>
      <csvdatatypeAppliedTo/>
      <csvhidden>false</csvhidden>
      <csvreadOnly>false</csvreadOnly>
      <csvminValue/>
      <csvmaxValue/>
      <csvmaxLength/>
      <csvpattern/>
      <csvenumDef/>
      <csvtargetRoot/>
   </csvBeginPropertyDefView>
   <csvPropertyValue handler="com.ptc.core.lwc.server.BaseDefinitionLoader.processPropertyPropertyValue">
      <csvname>displayName</csvname>
      <csvisDefault>false</csvisDefault>
      <csvvalue>Display Name</csvvalue>
      <csvlocale_en_us>Display Name</csvlocale_en_us>
      <csvlocale_en_gb>Display Name</csvlocale_en_gb>
      <csvlocale_zh_cn>显示名称</csvlocale_zh_cn>
      <csvlocale_zh_tw></csvlocale_zh_tw>
   </csvPropertyValue>
   <csvPropertyValue handler="com.ptc.core.lwc.server.BaseDefinitionLoader.processPropertyPropertyValue">
      <csvname>description</csvname>
      <csvisDefault>false</csvisDefault>
      <csvvalue>Display Name</csvvalue>
      <csvlocale_en_us>Display Name</csvlocale_en_us>
      <csvlocale_en_gb>Display Name</csvlocale_en_gb>
      <csvlocale_zh_cn>显示名称</csvlocale_zh_cn>
      <csvlocale_zh_tw></csvlocale_zh_tw>
   </csvPropertyValue>
   <csvPropertyValue handler="com.ptc.core.lwc.server.BaseDefinitionLoader.processPropertyPropertyValue">
      <csvname>tooltip</csvname>
      <csvisDefault>false</csvisDefault>
      <csvvalue>Display Name</csvvalue>
      <csvlocale_en_us>Display Name</csvlocale_en_us>
      <csvlocale_en_gb>Display Name</csvlocale_en_gb>
      <csvlocale_zh_cn>显示名称</csvlocale_zh_cn>
      <csvlocale_zh_tw></csvlocale_zh_tw>
   </csvPropertyValue>
   <csvEndPropertyDefView handler="com.ptc.core.lwc.server.BaseDefinitionLoader.endProcessPropertyDefinition"/>
   <csvBeginPropertyDefView handler="com.ptc.core.lwc.server.BaseDefinitionLoader.beginProcessPropertyDefinition">
      <csvname>description</csvname>
      <csvholderClass>com.ptc.core.lwc.server.LWCScreenDefinition</csvholderClass>
      <csvdatatype>java.lang.String</csvdatatype>
      <csvsortOrder>200</csvsortOrder>
      <csvinherited>false</csvinherited>
      <csvcontentHolder>false</csvcontentHolder>
      <csvlegalFileTypeList/>
      <csvoverridable>false</csvoverridable>
      <csvlocalizable>true</csvlocalizable>
      <csvdatatypeAppliedTo/>
      <csvhidden>false</csvhidden>
      <csvreadOnly>false</csvreadOnly>
      <csvminValue/>
      <csvmaxValue/>
      <csvmaxLength/>
      <csvpattern/>
      <csvenumDef/>
      <csvtargetRoot/>
   </csvBeginPropertyDefView>
   <csvPropertyValue handler="com.ptc.core.lwc.server.BaseDefinitionLoader.processPropertyPropertyValue">
      <csvname>displayName</csvname>
      <csvisDefault>false</csvisDefault>
      <csvvalue>Description</csvvalue>
      <csvlocale_en_us>Description</csvlocale_en_us>
      <csvlocale_en_gb>Description</csvlocale_en_gb>
      <csvlocale_zh_cn>说明</csvlocale_zh_cn>
      <csvlocale_zh_tw></csvlocale_zh_tw>
   </csvPropertyValue>
   <csvPropertyValue handler="com.ptc.core.lwc.server.BaseDefinitionLoader.processPropertyPropertyValue">
      <csvname>description</csvname>
      <csvisDefault>false</csvisDefault>
      <csvvalue>Description</csvvalue>
      <csvlocale_en_us>Description</csvlocale_en_us>
      <csvlocale_en_gb>Description</csvlocale_en_gb>
      <csvlocale_zh_cn>说明</csvlocale_zh_cn>
      <csvlocale_zh_tw></csvlocale_zh_tw>
   </csvPropertyValue>
   <csvPropertyValue handler="com.ptc.core.lwc.server.BaseDefinitionLoader.processPropertyPropertyValue">
      <csvname>tooltip</csvname>
      <csvisDefault>false</csvisDefault>
      <csvvalue>Description</csvvalue>
      <csvlocale_en_us>Description</csvlocale_en_us>
      <csvlocale_en_gb>Description</csvlocale_en_gb>
      <csvlocale_zh_cn>说明</csvlocale_zh_cn>
      <csvlocale_zh_tw></csvlocale_zh_tw>
   </csvPropertyValue>
   <csvEndPropertyDefView handler="com.ptc.core.lwc.server.BaseDefinitionLoader.endProcessPropertyDefinition"/>
   <csvBeginPropertyDefView handler="com.ptc.core.lwc.server.BaseDefinitionLoader.beginProcessPropertyDefinition">
      <csvname>tooltip</csvname>
      <csvholderClass>com.ptc.core.lwc.server.LWCScreenDefinition</csvholderClass>
      <csvdatatype>java.lang.String</csvdatatype>
      <csvsortOrder>300</csvsortOrder>
      <csvinherited>false</csvinherited>
      <csvcontentHolder>false</csvcontentHolder>
      <csvlegalFileTypeList/>
      <csvoverridable>false</csvoverridable>
      <csvlocalizable>true</csvlocalizable>
      <csvdatatypeAppliedTo/>
      <csvhidden>true</csvhidden>
      <csvreadOnly>false</csvreadOnly>
      <csvminValue/>
      <csvmaxValue/>
      <csvmaxLength/>
      <csvpattern/>
      <csvenumDef/>
      <csvtargetRoot/>
   </csvBeginPropertyDefView>
   <csvPropertyValue handler="com.ptc.core.lwc.server.BaseDefinitionLoader.processPropertyPropertyValue">
      <csvname>displayName</csvname>
      <csvisDefault>false</csvisDefault>
      <csvvalue>Tooltip</csvvalue>
      <csvlocale_en_us>Tooltip</csvlocale_en_us>
      <csvlocale_en_gb>Tooltip</csvlocale_en_gb>
      <csvlocale_zh_cn>工具提示</csvlocale_zh_cn>
      <csvlocale_zh_tw></csvlocale_zh_tw>
   </csvPropertyValue>
   <csvPropertyValue handler="com.ptc.core.lwc.server.BaseDefinitionLoader.processPropertyPropertyValue">
      <csvname>description</csvname>
      <csvisDefault>false</csvisDefault>
      <csvvalue>Tooltip</csvvalue>
      <csvlocale_en_us>Tooltip</csvlocale_en_us>
      <csvlocale_en_gb>Tooltip</csvlocale_en_gb>
      <csvlocale_zh_cn>工具提示</csvlocale_zh_cn>
      <csvlocale_zh_tw></csvlocale_zh_tw>
   </csvPropertyValue>
   <csvPropertyValue handler="com.ptc.core.lwc.server.BaseDefinitionLoader.processPropertyPropertyValue">
      <csvname>tooltip</csvname>
      <csvisDefault>false</csvisDefault>
      <csvvalue>Tooltip</csvvalue>
      <csvlocale_en_us>Tooltip</csvlocale_en_us>
      <csvlocale_en_gb>Tooltip</csvlocale_en_gb>
      <csvlocale_zh_cn>工具提示</csvlocale_zh_cn>
      <csvlocale_zh_tw></csvlocale_zh_tw>
   </csvPropertyValue>
   <csvEndPropertyDefView handler="com.ptc.core.lwc.server.BaseDefinitionLoader.endProcessPropertyDefinition"/>
   <csvBeginDatatypeDefView handler="com.ptc.core.lwc.server.BaseDefinitionLoader.beginProcessDatatypeDefinition">
      <csvname>wt.units.FloatingPointWithUnits</csvname>
      <csvhandlerClass>com.ptc.core.lwc.common.datatypes.FloatingPointWithUnitsDatatypeHandler</csvhandlerClass>
   </csvBeginDatatypeDefView>
   <csvPropertyValue handler="com.ptc.core.lwc.server.BaseDefinitionLoader.processDatatypePropertyValue">
      <csvname>displayName</csvname>
      <csvisDefault>false</csvisDefault>
      <csvvalue>Real Number with Units</csvvalue>
      <csvlocale_en_us>Real Number with Units</csvlocale_en_us>
      <csvlocale_en_gb>Real Number with Units</csvlocale_en_gb>
      <csvlocale_zh_cn>带单位的实数</csvlocale_zh_cn>
      <csvlocale_zh_tw></csvlocale_zh_tw>
   </csvPropertyValue>
   <csvPropertyValue handler="com.ptc.core.lwc.server.BaseDefinitionLoader.processDatatypePropertyValue">
      <csvname>description</csvname>
      <csvisDefault>false</csvisDefault>
      <csvvalue>Real Number with Units</csvvalue>
      <csvlocale_en_us>Real Number with Units</csvlocale_en_us>
      <csvlocale_en_gb>Real Number with Units</csvlocale_en_gb>
      <csvlocale_zh_cn>带单位的实数</csvlocale_zh_cn>
      <csvlocale_zh_tw></csvlocale_zh_tw>
   </csvPropertyValue>
   <csvPropertyValue handler="com.ptc.core.lwc.server.BaseDefinitionLoader.processDatatypePropertyValue">
      <csvname>tooltip</csvname>
      <csvisDefault>false</csvisDefault>
      <csvvalue>Real Number with Units</csvvalue>
      <csvlocale_en_us>Real Number with Units</csvlocale_en_us>
      <csvlocale_en_gb>Real Number with Units</csvlocale_en_gb>
      <csvlocale_zh_cn>带单位的实数</csvlocale_zh_cn>
      <csvlocale_zh_tw></csvlocale_zh_tw>
   </csvPropertyValue>
   <csvPropertyValue handler="com.ptc.core.lwc.server.BaseDefinitionLoader.processDatatypePropertyValue">
      <csvname>icon</csvname>
      <csvisDefault>false</csvisDefault>
      <csvvalue>netmarkets/images/dtype_RealNumberWithUnits.png</csvvalue>
   </csvPropertyValue>
   <csvPropertyValue handler="com.ptc.core.lwc.server.BaseDefinitionLoader.processDatatypePropertyValue">
      <csvname>guiHandlerClass</csvname>
      <csvisDefault>false</csvisDefault>
      <csvvalue>com.ptc.core.lwc.client.rendering.guiHandlers.FloatingPointWithUnitsDatatypeGuiHandler</csvvalue>
   </csvPropertyValue>
   <csvEndDatatypeDefView handler="com.ptc.core.lwc.server.BaseDefinitionLoader.endProcessDatatypeDefinition"/>
   <csvBeginDatatypeDefView handler="com.ptc.core.lwc.server.BaseDefinitionLoader.beginProcessDatatypeDefinition">
      <csvname>java.lang.String</csvname>
      <csvhandlerClass>com.ptc.core.lwc.common.datatypes.StringDatatypeHandler</csvhandlerClass>
   </csvBeginDatatypeDefView>
   <csvPropertyValue handler="com.ptc.core.lwc.server.BaseDefinitionLoader.processDatatypePropertyValue">
      <csvname>displayName</csvname>
      <csvisDefault>false</csvisDefault>
      <csvvalue>String</csvvalue>
      <csvlocale_en_us>String</csvlocale_en_us>
      <csvlocale_en_gb>String</csvlocale_en_gb>
      <csvlocale_zh_cn>字符串</csvlocale_zh_cn>
      <csvlocale_zh_tw></csvlocale_zh_tw>
   </csvPropertyValue>
   <csvPropertyValue handler="com.ptc.core.lwc.server.BaseDefinitionLoader.processDatatypePropertyValue">
      <csvname>description</csvname>
      <csvisDefault>false</csvisDefault>
      <csvvalue>String</csvvalue>
      <csvlocale_en_us>String</csvlocale_en_us>
      <csvlocale_en_gb>String</csvlocale_en_gb>
      <csvlocale_zh_cn>字符串</csvlocale_zh_cn>
      <csvlocale_zh_tw></csvlocale_zh_tw>
   </csvPropertyValue>
   <csvPropertyValue handler="com.ptc.core.lwc.server.BaseDefinitionLoader.processDatatypePropertyValue">
      <csvname>tooltip</csvname>
      <csvisDefault>false</csvisDefault>
      <csvvalue>String</csvvalue>
      <csvlocale_en_us>String</csvlocale_en_us>
      <csvlocale_en_gb>String</csvlocale_en_gb>
      <csvlocale_zh_cn>字符串</csvlocale_zh_cn>
      <csvlocale_zh_tw></csvlocale_zh_tw>
   </csvPropertyValue>
   <csvPropertyValue handler="com.ptc.core.lwc.server.BaseDefinitionLoader.processDatatypePropertyValue">
      <csvname>icon</csvname>
      <csvisDefault>false</csvisDefault>
      <csvvalue>netmarkets/images/dtype_String.png</csvvalue>
   </csvPropertyValue>
   <csvPropertyValue handler="com.ptc.core.lwc.server.BaseDefinitionLoader.processDatatypePropertyValue">
      <csvname>guiHandlerClass</csvname>
      <csvisDefault>false</csvisDefault>
      <csvvalue>com.ptc.core.lwc.client.rendering.guiHandlers.StringDatatypeGuiHandler</csvvalue>
   </csvPropertyValue>
   <csvEndDatatypeDefView handler="com.ptc.core.lwc.server.BaseDefinitionLoader.endProcessDatatypeDefinition"/>
   <csvBeginScreenDefView handler="com.ptc.core.lwc.server.BaseDefinitionLoader.beginProcessScreenDefinition">
      <csvname>CREATE</csvname>
      <csvcontainerDomain>com.CATLBattery</csvcontainerDomain>
      <csvoperationName>com.ptc.windchill.create</csvoperationName>
   </csvBeginScreenDefView>
   <csvPropertyValue handler="com.ptc.core.lwc.server.BaseDefinitionLoader.processScreenPropertyValue">
      <csvname>displayName</csvname>
      <csvisDefault>false</csvisDefault>
      <csvvalue>Create New</csvvalue>
      <csvlocale_en_us>Create New</csvlocale_en_us>
      <csvlocale_en_gb>Create New</csvlocale_en_gb>
      <csvlocale_zh_cn>创建新的</csvlocale_zh_cn>
      <csvlocale_zh_tw></csvlocale_zh_tw>
   </csvPropertyValue>
   <csvPropertyValue handler="com.ptc.core.lwc.server.BaseDefinitionLoader.processScreenPropertyValue">
      <csvname>description</csvname>
      <csvisDefault>false</csvisDefault>
      <csvvalue>Create New</csvvalue>
      <csvlocale_en_us>Create New</csvlocale_en_us>
      <csvlocale_en_gb>Create New</csvlocale_en_gb>
      <csvlocale_zh_cn>创建新的</csvlocale_zh_cn>
      <csvlocale_zh_tw></csvlocale_zh_tw>
   </csvPropertyValue>
   <csvPropertyValue handler="com.ptc.core.lwc.server.BaseDefinitionLoader.processScreenPropertyValue">
      <csvname>tooltip</csvname>
      <csvisDefault>false</csvisDefault>
      <csvvalue>Create New</csvvalue>
      <csvlocale_en_us>Create New</csvlocale_en_us>
      <csvlocale_en_gb>Create New</csvlocale_en_gb>
      <csvlocale_zh_cn>创建新的</csvlocale_zh_cn>
      <csvlocale_zh_tw></csvlocale_zh_tw>
   </csvPropertyValue>
   <csvEndScreenDefView handler="com.ptc.core.lwc.server.BaseDefinitionLoader.endProcessScreenDefinition"/>
   <csvBeginDisplayStyleView handler="com.ptc.core.lwc.server.BaseDefinitionLoader.beginProcessDisplayStyle">
      <csvname>Grid</csvname>
      <csvisDefault>false</csvisDefault>
      <csvisAttributeDisplayStyle>false</csvisAttributeDisplayStyle>
   </csvBeginDisplayStyleView>
   <csvPropertyValue handler="com.ptc.core.lwc.server.BaseDefinitionLoader.processDisplayStylePropertyValue">
      <csvname>displayName</csvname>
      <csvisDefault>false</csvisDefault>
      <csvvalue>Organized in grid</csvvalue>
      <csvlocale_en_us>Organized in grid</csvlocale_en_us>
      <csvlocale_en_gb>Organized in grid</csvlocale_en_gb>
      <csvlocale_zh_cn>以网格形式组织</csvlocale_zh_cn>
      <csvlocale_zh_tw></csvlocale_zh_tw>
   </csvPropertyValue>
   <csvPropertyValue handler="com.ptc.core.lwc.server.BaseDefinitionLoader.processDisplayStylePropertyValue">
      <csvname>description</csvname>
      <csvisDefault>false</csvisDefault>
      <csvvalue>Organized in grid</csvvalue>
      <csvlocale_en_us>Organized in grid</csvlocale_en_us>
      <csvlocale_en_gb>Organized in grid</csvlocale_en_gb>
      <csvlocale_zh_cn>以网格形式组织</csvlocale_zh_cn>
      <csvlocale_zh_tw></csvlocale_zh_tw>
   </csvPropertyValue>
   <csvPropertyValue handler="com.ptc.core.lwc.server.BaseDefinitionLoader.processDisplayStylePropertyValue">
      <csvname>tooltip</csvname>
      <csvisDefault>false</csvisDefault>
      <csvvalue>Organized in grid</csvvalue>
      <csvlocale_en_us>Organized in grid</csvlocale_en_us>
      <csvlocale_en_gb>Organized in grid</csvlocale_en_gb>
      <csvlocale_zh_cn>以网格形式组织</csvlocale_zh_cn>
      <csvlocale_zh_tw></csvlocale_zh_tw>
   </csvPropertyValue>
   <csvEndDisplayStyleView handler="com.ptc.core.lwc.server.BaseDefinitionLoader.endProcessDisplayStyle"/>
   <csvBeginConstraintRuleDefView handler="com.ptc.core.lwc.server.BaseDefinitionLoader.beginProcessConstraintRuleDefinition">
      <csvruleClassname>com.ptc.core.meta.container.common.impl.ValueRequiredConstraint</csvruleClassname>
      <csvdefClassname>com.ptc.core.lwc.server.LWCBasicConstraint</csvdefClassname>
      <csvdatatype>wt.units.FloatingPointWithUnits</csvdatatype>
      <csvdefQualifier/>
      <csvrenderer/>
      <csvdisableable>true</csvdisableable>
      <csvcanBeCondition>false</csvcanBeCondition>
   </csvBeginConstraintRuleDefView>
   <csvPropertyValue handler="com.ptc.core.lwc.server.BaseDefinitionLoader.processConstraintRuleDefinitionPropertyValue">
      <csvname>displayName</csvname>
      <csvisDefault>false</csvisDefault>
      <csvvalue>Required</csvvalue>
      <csvlocale_en_us>Required</csvlocale_en_us>
      <csvlocale_en_gb>Required</csvlocale_en_gb>
      <csvlocale_zh_cn>必需的</csvlocale_zh_cn>
      <csvlocale_zh_tw>必要</csvlocale_zh_tw>
   </csvPropertyValue>
   <csvPropertyValue handler="com.ptc.core.lwc.server.BaseDefinitionLoader.processConstraintRuleDefinitionPropertyValue">
      <csvname>description</csvname>
      <csvisDefault>false</csvisDefault>
      <csvvalue>Required</csvvalue>
      <csvlocale_en_us>Required</csvlocale_en_us>
      <csvlocale_en_gb>Required</csvlocale_en_gb>
      <csvlocale_zh_cn>必需的</csvlocale_zh_cn>
      <csvlocale_zh_tw>必要</csvlocale_zh_tw>
   </csvPropertyValue>
   <csvPropertyValue handler="com.ptc.core.lwc.server.BaseDefinitionLoader.processConstraintRuleDefinitionPropertyValue">
      <csvname>tooltip</csvname>
      <csvisDefault>false</csvisDefault>
      <csvvalue>Required</csvvalue>
      <csvlocale_en_us>Required</csvlocale_en_us>
      <csvlocale_en_gb>Required</csvlocale_en_gb>
      <csvlocale_zh_cn>必需的</csvlocale_zh_cn>
      <csvlocale_zh_tw>必要</csvlocale_zh_tw>
   </csvPropertyValue>
   <csvEndConstraintRuleDefView handler="com.ptc.core.lwc.server.BaseDefinitionLoader.endProcessConstraintRuleDefinition"/>
   <csvBeginConstraintRuleDefView handler="com.ptc.core.lwc.server.BaseDefinitionLoader.beginProcessConstraintRuleDefinition">
      <csvruleClassname>com.ptc.core.meta.container.common.impl.ValueRequiredConstraint</csvruleClassname>
      <csvdefClassname>com.ptc.core.lwc.server.LWCBasicConstraint</csvdefClassname>
      <csvdatatype>java.lang.String</csvdatatype>
      <csvdefQualifier/>
      <csvrenderer/>
      <csvdisableable>true</csvdisableable>
      <csvcanBeCondition>false</csvcanBeCondition>
   </csvBeginConstraintRuleDefView>
   <csvPropertyValue handler="com.ptc.core.lwc.server.BaseDefinitionLoader.processConstraintRuleDefinitionPropertyValue">
      <csvname>displayName</csvname>
      <csvisDefault>false</csvisDefault>
      <csvvalue>Required</csvvalue>
      <csvlocale_en_us>Required</csvlocale_en_us>
      <csvlocale_en_gb>Required</csvlocale_en_gb>
      <csvlocale_zh_cn>必需的</csvlocale_zh_cn>
      <csvlocale_zh_tw></csvlocale_zh_tw>
   </csvPropertyValue>
   <csvPropertyValue handler="com.ptc.core.lwc.server.BaseDefinitionLoader.processConstraintRuleDefinitionPropertyValue">
      <csvname>description</csvname>
      <csvisDefault>false</csvisDefault>
      <csvvalue>Required</csvvalue>
      <csvlocale_en_us>Required</csvlocale_en_us>
      <csvlocale_en_gb>Required</csvlocale_en_gb>
      <csvlocale_zh_cn>必需的</csvlocale_zh_cn>
      <csvlocale_zh_tw></csvlocale_zh_tw>
   </csvPropertyValue>
   <csvPropertyValue handler="com.ptc.core.lwc.server.BaseDefinitionLoader.processConstraintRuleDefinitionPropertyValue">
      <csvname>tooltip</csvname>
      <csvisDefault>false</csvisDefault>
      <csvvalue>Required</csvvalue>
      <csvlocale_en_us>Required</csvlocale_en_us>
      <csvlocale_en_gb>Required</csvlocale_en_gb>
      <csvlocale_zh_cn>必需的</csvlocale_zh_cn>
      <csvlocale_zh_tw></csvlocale_zh_tw>
   </csvPropertyValue>
   <csvPropertyValue handler="com.ptc.core.lwc.server.BaseDefinitionLoader.processConstraintRuleDefinitionPropertyValue">
      <csvname>sort_order</csvname>
      <csvisDefault>false</csvisDefault>
      <csvvalue>85</csvvalue>
   </csvPropertyValue>
   <csvEndConstraintRuleDefView handler="com.ptc.core.lwc.server.BaseDefinitionLoader.endProcessConstraintRuleDefinition"/>
   <csvBeginConstraintRuleDefView handler="com.ptc.core.lwc.server.BaseDefinitionLoader.beginProcessConstraintRuleDefinition">
      <csvruleClassname>com.ptc.core.meta.container.common.impl.SingleValuedConstraint</csvruleClassname>
      <csvdefClassname>com.ptc.core.lwc.server.LWCBasicConstraint</csvdefClassname>
      <csvdatatype>wt.units.FloatingPointWithUnits</csvdatatype>
      <csvdefQualifier/>
      <csvrenderer/>
      <csvdisableable>true</csvdisableable>
      <csvcanBeCondition>false</csvcanBeCondition>
   </csvBeginConstraintRuleDefView>
   <csvPropertyValue handler="com.ptc.core.lwc.server.BaseDefinitionLoader.processConstraintRuleDefinitionPropertyValue">
      <csvname>displayName</csvname>
      <csvisDefault>false</csvisDefault>
      <csvvalue>Single-Valued</csvvalue>
      <csvlocale_en_us>Single-Valued</csvlocale_en_us>
      <csvlocale_en_gb>Single-Valued</csvlocale_en_gb>
      <csvlocale_zh_cn>单值</csvlocale_zh_cn>
      <csvlocale_zh_tw></csvlocale_zh_tw>
   </csvPropertyValue>
   <csvPropertyValue handler="com.ptc.core.lwc.server.BaseDefinitionLoader.processConstraintRuleDefinitionPropertyValue">
      <csvname>description</csvname>
      <csvisDefault>false</csvisDefault>
      <csvvalue>Single-Valued</csvvalue>
      <csvlocale_en_us>Single-Valued</csvlocale_en_us>
      <csvlocale_en_gb>Single-Valued</csvlocale_en_gb>
      <csvlocale_zh_cn>单值</csvlocale_zh_cn>
      <csvlocale_zh_tw></csvlocale_zh_tw>
   </csvPropertyValue>
   <csvPropertyValue handler="com.ptc.core.lwc.server.BaseDefinitionLoader.processConstraintRuleDefinitionPropertyValue">
      <csvname>tooltip</csvname>
      <csvisDefault>false</csvisDefault>
      <csvvalue>Single-Valued</csvvalue>
      <csvlocale_en_us>Single-Valued</csvlocale_en_us>
      <csvlocale_en_gb>Single-Valued</csvlocale_en_gb>
      <csvlocale_zh_cn>单值</csvlocale_zh_cn>
      <csvlocale_zh_tw></csvlocale_zh_tw>
   </csvPropertyValue>
   <csvEndConstraintRuleDefView handler="com.ptc.core.lwc.server.BaseDefinitionLoader.endProcessConstraintRuleDefinition"/>
   <csvBeginConstraintRuleDefView handler="com.ptc.core.lwc.server.BaseDefinitionLoader.beginProcessConstraintRuleDefinition">
      <csvruleClassname>com.ptc.core.meta.container.common.impl.SingleValuedConstraint</csvruleClassname>
      <csvdefClassname>com.ptc.core.lwc.server.LWCBasicConstraint</csvdefClassname>
      <csvdatatype>java.lang.String</csvdatatype>
      <csvdefQualifier/>
      <csvrenderer/>
      <csvdisableable>true</csvdisableable>
      <csvcanBeCondition>false</csvcanBeCondition>
   </csvBeginConstraintRuleDefView>
   <csvPropertyValue handler="com.ptc.core.lwc.server.BaseDefinitionLoader.processConstraintRuleDefinitionPropertyValue">
      <csvname>displayName</csvname>
      <csvisDefault>false</csvisDefault>
      <csvvalue>Single-Valued</csvvalue>
      <csvlocale_en_us>Single-Valued</csvlocale_en_us>
      <csvlocale_en_gb>Single-Valued</csvlocale_en_gb>
      <csvlocale_zh_cn>单值</csvlocale_zh_cn>
      <csvlocale_zh_tw></csvlocale_zh_tw>
   </csvPropertyValue>
   <csvPropertyValue handler="com.ptc.core.lwc.server.BaseDefinitionLoader.processConstraintRuleDefinitionPropertyValue">
      <csvname>description</csvname>
      <csvisDefault>false</csvisDefault>
      <csvvalue>Single-Valued</csvvalue>
      <csvlocale_en_us>Single-Valued</csvlocale_en_us>
      <csvlocale_en_gb>Single-Valued</csvlocale_en_gb>
      <csvlocale_zh_cn>单值</csvlocale_zh_cn>
      <csvlocale_zh_tw></csvlocale_zh_tw>
   </csvPropertyValue>
   <csvPropertyValue handler="com.ptc.core.lwc.server.BaseDefinitionLoader.processConstraintRuleDefinitionPropertyValue">
      <csvname>tooltip</csvname>
      <csvisDefault>false</csvisDefault>
      <csvvalue>Single-Valued</csvvalue>
      <csvlocale_en_us>Single-Valued</csvlocale_en_us>
      <csvlocale_en_gb>Single-Valued</csvlocale_en_gb>
      <csvlocale_zh_cn>单值</csvlocale_zh_cn>
      <csvlocale_zh_tw></csvlocale_zh_tw>
   </csvPropertyValue>
   <csvPropertyValue handler="com.ptc.core.lwc.server.BaseDefinitionLoader.processConstraintRuleDefinitionPropertyValue">
      <csvname>sort_order</csvname>
      <csvisDefault>false</csvisDefault>
      <csvvalue>95</csvvalue>
   </csvPropertyValue>
   <csvEndConstraintRuleDefView handler="com.ptc.core.lwc.server.BaseDefinitionLoader.endProcessConstraintRuleDefinition"/>
   <csvBeginConstraintRuleDefView handler="com.ptc.core.lwc.server.BaseDefinitionLoader.beginProcessConstraintRuleDefinition">
      <csvruleClassname>com.ptc.core.meta.container.common.impl.DiscreteSetConstraint</csvruleClassname>
      <csvdefClassname>com.ptc.core.lwc.server.LWCBasicConstraint</csvdefClassname>
      <csvdatatype>java.lang.String</csvdatatype>
      <csvdefQualifier/>
      <csvrenderer/>
      <csvdisableable>true</csvdisableable>
      <csvcanBeCondition>true</csvcanBeCondition>
   </csvBeginConstraintRuleDefView>
   <csvPropertyValue handler="com.ptc.core.lwc.server.BaseDefinitionLoader.processConstraintRuleDefinitionPropertyValue">
      <csvname>displayName</csvname>
      <csvisDefault>false</csvisDefault>
      <csvvalue>Legal Value List</csvvalue>
      <csvlocale_en_us>Legal Value List</csvlocale_en_us>
      <csvlocale_en_gb>Legal Value List</csvlocale_en_gb>
      <csvlocale_zh_cn>合法值列表</csvlocale_zh_cn>
      <csvlocale_zh_tw></csvlocale_zh_tw>
   </csvPropertyValue>
   <csvPropertyValue handler="com.ptc.core.lwc.server.BaseDefinitionLoader.processConstraintRuleDefinitionPropertyValue">
      <csvname>description</csvname>
      <csvisDefault>false</csvisDefault>
      <csvvalue>Legal Value List</csvvalue>
      <csvlocale_en_us>Legal Value List</csvlocale_en_us>
      <csvlocale_en_gb>Legal Value List</csvlocale_en_gb>
      <csvlocale_zh_cn>合法值列表</csvlocale_zh_cn>
      <csvlocale_zh_tw></csvlocale_zh_tw>
   </csvPropertyValue>
   <csvPropertyValue handler="com.ptc.core.lwc.server.BaseDefinitionLoader.processConstraintRuleDefinitionPropertyValue">
      <csvname>tooltip</csvname>
      <csvisDefault>false</csvisDefault>
      <csvvalue>Legal Value List</csvvalue>
      <csvlocale_en_us>Legal Value List</csvlocale_en_us>
      <csvlocale_en_gb>Legal Value List</csvlocale_en_gb>
      <csvlocale_zh_cn>合法值列表</csvlocale_zh_cn>
      <csvlocale_zh_tw></csvlocale_zh_tw>
   </csvPropertyValue>
   <csvPropertyValue handler="com.ptc.core.lwc.server.BaseDefinitionLoader.processConstraintRuleDefinitionPropertyValue">
      <csvname>sort_order</csvname>
      <csvisDefault>false</csvisDefault>
      <csvvalue>1</csvvalue>
   </csvPropertyValue>
   <csvEndConstraintRuleDefView handler="com.ptc.core.lwc.server.BaseDefinitionLoader.endProcessConstraintRuleDefinition"/>
   <csvEndBaseDefsRbInfos handler="com.ptc.core.lwc.server.BaseDefinitionLoader.endProcessRbInfos"/>
</NmLoader>