<?xml version="1.0" encoding="UTF-8"?>
<!DOCTYPE NmLoader
  SYSTEM "standardX24.dtd">
<NmLoader>
   <csvAttrDefinizer handler="wt.iba.definition.DefinitionLoaderWithCache.createAttrDefinizer">
      <csvname>CATL</csvname>
      <csvhierarchyDisplayName>CATL</csvhierarchyDisplayName>
      <csvorganizerPaths></csvorganizerPaths>
      <csvdefinitionPaths/>
      <csvdisplay_name/>
      <csvdescription/>
      <csvdata_type>ORG</csvdata_type>
      <csvQoMName/>
      <csvnameValuePairs/>
      <csvlogicalIdentifier/>
   </csvAttrDefinizer>
   <csvAttrDefinizer handler="wt.iba.definition.DefinitionLoaderWithCache.createAttrDefinizer">
      <csvname>Open_or_Closed</csvname>
      <csvhierarchyDisplayName>开口/闭口</csvhierarchyDisplayName>
      <csvorganizerPaths>CATL</csvorganizerPaths>
      <csvdefinitionPaths/>
      <csvdisplay_name>开口/闭口</csvdisplay_name>
      <csvdescription>Open_or_Closed</csvdescription>
      <csvdata_type>STR</csvdata_type>
      <csvQoMName/>
      <csvnameValuePairs/>
      <csvlogicalIdentifier>Open_or_Closed</csvlogicalIdentifier>
   </csvAttrDefinizer>
   <csvAttrDefinizer handler="wt.iba.definition.DefinitionLoaderWithCache.createAttrDefinizer">
      <csvname>Product_Grade</csvname>
      <csvhierarchyDisplayName>产品等级</csvhierarchyDisplayName>
      <csvorganizerPaths>CATL</csvorganizerPaths>
      <csvdefinitionPaths/>
      <csvdisplay_name>产品等级</csvdisplay_name>
      <csvdescription>Product_Grade</csvdescription>
      <csvdata_type>STR</csvdata_type>
      <csvQoMName/>
      <csvnameValuePairs/>
      <csvlogicalIdentifier>Product_Grade</csvlogicalIdentifier>
   </csvAttrDefinizer>
   <csvAttrDefinizer handler="wt.iba.definition.DefinitionLoaderWithCache.createAttrDefinizer">
      <csvname>Tolerance</csvname>
      <csvhierarchyDisplayName>精度</csvhierarchyDisplayName>
      <csvorganizerPaths>CATL</csvorganizerPaths>
      <csvdefinitionPaths/>
      <csvdisplay_name>精度</csvdisplay_name>
      <csvdescription>Tolerance</csvdescription>
      <csvdata_type>STR</csvdata_type>
      <csvQoMName/>
      <csvnameValuePairs/>
      <csvlogicalIdentifier>Tolerance</csvlogicalIdentifier>
   </csvAttrDefinizer>
   <csvAttrDefinizer handler="wt.iba.definition.DefinitionLoaderWithCache.createAttrDefinizer">
      <csvname>Hole_Quantity</csvname>
      <csvhierarchyDisplayName>孔数</csvhierarchyDisplayName>
      <csvorganizerPaths>CATL</csvorganizerPaths>
      <csvdefinitionPaths/>
      <csvdisplay_name>孔数</csvdisplay_name>
      <csvdescription>Hole_Quantity</csvdescription>
      <csvdata_type>STR</csvdata_type>
      <csvQoMName/>
      <csvnameValuePairs/>
      <csvlogicalIdentifier>Hole_Quantity</csvlogicalIdentifier>
   </csvAttrDefinizer>
   <csvAttrDefinizer handler="wt.iba.definition.DefinitionLoaderWithCache.createAttrDefinizer">
      <csvname>Packing_Specification</csvname>
      <csvhierarchyDisplayName>包装规格</csvhierarchyDisplayName>
      <csvorganizerPaths>CATL</csvorganizerPaths>
      <csvdefinitionPaths/>
      <csvdisplay_name>包装规格</csvdisplay_name>
      <csvdescription>Packing_Specification</csvdescription>
      <csvdata_type>STR</csvdata_type>
      <csvQoMName/>
      <csvnameValuePairs/>
      <csvlogicalIdentifier>Packing_Specification</csvlogicalIdentifier>
   </csvAttrDefinizer>
   <csvAttrDefinizer handler="wt.iba.definition.DefinitionLoaderWithCache.createAttrDefinizer">
      <csvname>Pack_Connection_Mode</csvname>
      <csvhierarchyDisplayName>电箱连接方式</csvhierarchyDisplayName>
      <csvorganizerPaths>CATL</csvorganizerPaths>
      <csvdefinitionPaths/>
      <csvdisplay_name>电箱连接方式</csvdisplay_name>
      <csvdescription>Pack_Connection_Mode</csvdescription>
      <csvdata_type>STR</csvdata_type>
      <csvQoMName/>
      <csvnameValuePairs/>
      <csvlogicalIdentifier>Pack_Connection_Mode</csvlogicalIdentifier>
   </csvAttrDefinizer>
   <csvAttrDefinizer handler="wt.iba.definition.DefinitionLoaderWithCache.createAttrDefinizer">
      <csvname>Diameter</csvname>
      <csvhierarchyDisplayName>直径(mm)</csvhierarchyDisplayName>
      <csvorganizerPaths>CATL</csvorganizerPaths>
      <csvdefinitionPaths/>
      <csvdisplay_name>直径(mm)</csvdisplay_name>
      <csvdescription>Diameter</csvdescription>
      <csvdata_type>UNIT</csvdata_type>
      <csvQoMName>Length</csvQoMName>
      <csvnameValuePairs>SI~mm</csvnameValuePairs>
      <csvlogicalIdentifier>Diameter</csvlogicalIdentifier>
   </csvAttrDefinizer>
   <csvAttrDefinizer handler="wt.iba.definition.DefinitionLoaderWithCache.createAttrDefinizer">
      <csvname>Cell_Capacity</csvname>
      <csvhierarchyDisplayName>电芯容量</csvhierarchyDisplayName>
      <csvorganizerPaths>CATL</csvorganizerPaths>
      <csvdefinitionPaths/>
      <csvdisplay_name>电芯容量</csvdisplay_name>
      <csvdescription>Cell_Capacity</csvdescription>
      <csvdata_type>STR</csvdata_type>
      <csvQoMName/>
      <csvnameValuePairs/>
      <csvlogicalIdentifier>Cell_Capacity</csvlogicalIdentifier>
   </csvAttrDefinizer>
   <csvAttrDefinizer handler="wt.iba.definition.DefinitionLoaderWithCache.createAttrDefinizer">
      <csvname>Resistance</csvname>
      <csvhierarchyDisplayName>电阻</csvhierarchyDisplayName>
      <csvorganizerPaths>CATL</csvorganizerPaths>
      <csvdefinitionPaths/>
      <csvdisplay_name>电阻</csvdisplay_name>
      <csvdescription>Resistance</csvdescription>
      <csvdata_type>STR</csvdata_type>
      <csvQoMName/>
      <csvnameValuePairs/>
      <csvlogicalIdentifier>Resistance</csvlogicalIdentifier>
   </csvAttrDefinizer>
   <csvAttrDefinizer handler="wt.iba.definition.DefinitionLoaderWithCache.createAttrDefinizer">
      <csvname>Assembly_Type</csvname>
      <csvhierarchyDisplayName>组装类型</csvhierarchyDisplayName>
      <csvorganizerPaths>CATL</csvorganizerPaths>
      <csvdefinitionPaths/>
      <csvdisplay_name>组装类型</csvdisplay_name>
      <csvdescription>Assembly_Type</csvdescription>
      <csvdata_type>STR</csvdata_type>
      <csvQoMName/>
      <csvnameValuePairs/>
      <csvlogicalIdentifier>Assembly_Type</csvlogicalIdentifier>
   </csvAttrDefinizer>
   <csvAttrDefinizer handler="wt.iba.definition.DefinitionLoaderWithCache.createAttrDefinizer">
      <csvname>Rated_Current</csvname>
      <csvhierarchyDisplayName>额定电流</csvhierarchyDisplayName>
      <csvorganizerPaths>CATL</csvorganizerPaths>
      <csvdefinitionPaths/>
      <csvdisplay_name>额定电流</csvdisplay_name>
      <csvdescription>Rated_Current</csvdescription>
      <csvdata_type>STR</csvdata_type>
      <csvQoMName/>
      <csvnameValuePairs/>
      <csvlogicalIdentifier>Rated_Current</csvlogicalIdentifier>
   </csvAttrDefinizer>
   <csvAttrDefinizer handler="wt.iba.definition.DefinitionLoaderWithCache.createAttrDefinizer">
      <csvname>Bobbin_Number</csvname>
      <csvhierarchyDisplayName>骨架编号</csvhierarchyDisplayName>
      <csvorganizerPaths>CATL</csvorganizerPaths>
      <csvdefinitionPaths/>
      <csvdisplay_name>骨架编号</csvdisplay_name>
      <csvdescription>Bobbin_Number</csvdescription>
      <csvdata_type>STR</csvdata_type>
      <csvQoMName/>
      <csvnameValuePairs/>
      <csvlogicalIdentifier>Bobbin_Number</csvlogicalIdentifier>
   </csvAttrDefinizer>
   <csvAttrDefinizer handler="wt.iba.definition.DefinitionLoaderWithCache.createAttrDefinizer">
      <csvname>Board_Layers</csvname>
      <csvhierarchyDisplayName>板层数</csvhierarchyDisplayName>
      <csvorganizerPaths>CATL</csvorganizerPaths>
      <csvdefinitionPaths/>
      <csvdisplay_name>板层数</csvdisplay_name>
      <csvdescription>Board_Layers</csvdescription>
      <csvdata_type>STR</csvdata_type>
      <csvQoMName/>
      <csvnameValuePairs/>
      <csvlogicalIdentifier>Board_Layers</csvlogicalIdentifier>
   </csvAttrDefinizer>
   <csvAttrDefinizer handler="wt.iba.definition.DefinitionLoaderWithCache.createAttrDefinizer">
      <csvname>Frequency</csvname>
      <csvhierarchyDisplayName>频率</csvhierarchyDisplayName>
      <csvorganizerPaths>CATL</csvorganizerPaths>
      <csvdefinitionPaths/>
      <csvdisplay_name>频率</csvdisplay_name>
      <csvdescription>Frequency</csvdescription>
      <csvdata_type>STR</csvdata_type>
      <csvQoMName/>
      <csvnameValuePairs/>
      <csvlogicalIdentifier>Frequency</csvlogicalIdentifier>
   </csvAttrDefinizer>
   <csvAttrDefinizer handler="wt.iba.definition.DefinitionLoaderWithCache.createAttrDefinizer">
      <csvname>Packaging</csvname>
      <csvhierarchyDisplayName>包装方式</csvhierarchyDisplayName>
      <csvorganizerPaths>CATL</csvorganizerPaths>
      <csvdefinitionPaths/>
      <csvdisplay_name>包装方式</csvdisplay_name>
      <csvdescription>Packaging</csvdescription>
      <csvdata_type>STR</csvdata_type>
      <csvQoMName/>
      <csvnameValuePairs/>
      <csvlogicalIdentifier>Packaging</csvlogicalIdentifier>
   </csvAttrDefinizer>
   <csvAttrDefinizer handler="wt.iba.definition.DefinitionLoaderWithCache.createAttrDefinizer">
      <csvname>Nominal_Voltage</csvname>
      <csvhierarchyDisplayName>标称电压</csvhierarchyDisplayName>
      <csvorganizerPaths>CATL</csvorganizerPaths>
      <csvdefinitionPaths/>
      <csvdisplay_name>标称电压</csvdisplay_name>
      <csvdescription>Nominal_Voltage</csvdescription>
      <csvdata_type>STR</csvdata_type>
      <csvQoMName/>
      <csvnameValuePairs/>
      <csvlogicalIdentifier>Nominal_Voltage</csvlogicalIdentifier>
   </csvAttrDefinizer>
   <csvAttrDefinizer handler="wt.iba.definition.DefinitionLoaderWithCache.createAttrDefinizer">
      <csvname>Measure_Range</csvname>
      <csvhierarchyDisplayName>测量范围</csvhierarchyDisplayName>
      <csvorganizerPaths>CATL</csvorganizerPaths>
      <csvdefinitionPaths/>
      <csvdisplay_name>测量范围</csvdisplay_name>
      <csvdescription>Measure_Range</csvdescription>
      <csvdata_type>STR</csvdata_type>
      <csvQoMName/>
      <csvnameValuePairs/>
      <csvlogicalIdentifier>Measure_Range</csvlogicalIdentifier>
   </csvAttrDefinizer>
   <csvAttrDefinizer handler="wt.iba.definition.DefinitionLoaderWithCache.createAttrDefinizer">
      <csvname>Installation_Method</csvname>
      <csvhierarchyDisplayName>安装方式</csvhierarchyDisplayName>
      <csvorganizerPaths>CATL</csvorganizerPaths>
      <csvdefinitionPaths/>
      <csvdisplay_name>安装方式</csvdisplay_name>
      <csvdescription>Installation_Method</csvdescription>
      <csvdata_type>STR</csvdata_type>
      <csvQoMName/>
      <csvnameValuePairs/>
      <csvlogicalIdentifier>Installation_Method</csvlogicalIdentifier>
   </csvAttrDefinizer>
   <csvAttrDefinizer handler="wt.iba.definition.DefinitionLoaderWithCache.createAttrDefinizer">
      <csvname>Board_Thickness</csvname>
      <csvhierarchyDisplayName>板厚</csvhierarchyDisplayName>
      <csvorganizerPaths>CATL</csvorganizerPaths>
      <csvdefinitionPaths/>
      <csvdisplay_name>板厚</csvdisplay_name>
      <csvdescription>Board_Thickness</csvdescription>
      <csvdata_type>UNIT</csvdata_type>
      <csvQoMName>Length</csvQoMName>
      <csvnameValuePairs>SI~mm</csvnameValuePairs>
      <csvlogicalIdentifier>Board_Thickness</csvlogicalIdentifier>
   </csvAttrDefinizer>
   <csvAttrDefinizer handler="wt.iba.definition.DefinitionLoaderWithCache.createAttrDefinizer">
      <csvname>Components</csvname>
      <csvhierarchyDisplayName>组份</csvhierarchyDisplayName>
      <csvorganizerPaths>CATL</csvorganizerPaths>
      <csvdefinitionPaths/>
      <csvdisplay_name>组份</csvdisplay_name>
      <csvdescription>Components</csvdescription>
      <csvdata_type>STR</csvdata_type>
      <csvQoMName/>
      <csvnameValuePairs/>
      <csvlogicalIdentifier>Components</csvlogicalIdentifier>
   </csvAttrDefinizer>
   <csvAttrDefinizer handler="wt.iba.definition.DefinitionLoaderWithCache.createAttrDefinizer">
      <csvname>Core_Type</csvname>
      <csvhierarchyDisplayName>磁芯类型</csvhierarchyDisplayName>
      <csvorganizerPaths>CATL</csvorganizerPaths>
      <csvdefinitionPaths/>
      <csvdisplay_name>磁芯类型</csvdisplay_name>
      <csvdescription>Core_Type</csvdescription>
      <csvdata_type>STR</csvdata_type>
      <csvQoMName/>
      <csvnameValuePairs/>
      <csvlogicalIdentifier>Core_Type</csvlogicalIdentifier>
   </csvAttrDefinizer>
   <csvAttrDefinizer handler="wt.iba.definition.DefinitionLoaderWithCache.createAttrDefinizer">
      <csvname>Color</csvname>
      <csvhierarchyDisplayName>颜色</csvhierarchyDisplayName>
      <csvorganizerPaths>CATL</csvorganizerPaths>
      <csvdefinitionPaths/>
      <csvdisplay_name>颜色</csvdisplay_name>
      <csvdescription>Color</csvdescription>
      <csvdata_type>STR</csvdata_type>
      <csvQoMName/>
      <csvnameValuePairs/>
      <csvlogicalIdentifier>Color</csvlogicalIdentifier>
   </csvAttrDefinizer>
   <csvAttrDefinizer handler="wt.iba.definition.DefinitionLoaderWithCache.createAttrDefinizer">
      <csvname>Inner_Diameter</csvname>
      <csvhierarchyDisplayName>内径(mm)</csvhierarchyDisplayName>
      <csvorganizerPaths>CATL</csvorganizerPaths>
      <csvdefinitionPaths/>
      <csvdisplay_name>内径(mm)</csvdisplay_name>
      <csvdescription>Inner_Diameter</csvdescription>
      <csvdata_type>UNIT</csvdata_type>
      <csvQoMName>Length</csvQoMName>
      <csvnameValuePairs>SI~mm</csvnameValuePairs>
      <csvlogicalIdentifier>Inner_Diameter</csvlogicalIdentifier>
   </csvAttrDefinizer>
   <csvAttrDefinizer handler="wt.iba.definition.DefinitionLoaderWithCache.createAttrDefinizer">
      <csvname>Insulation_Resistance</csvname>
      <csvhierarchyDisplayName>绝缘阻抗</csvhierarchyDisplayName>
      <csvorganizerPaths>CATL</csvorganizerPaths>
      <csvdefinitionPaths/>
      <csvdisplay_name>绝缘阻抗</csvdisplay_name>
      <csvdescription>Insulation_Resistance</csvdescription>
      <csvdata_type>STR</csvdata_type>
      <csvQoMName/>
      <csvnameValuePairs/>
      <csvlogicalIdentifier>Insulation_Resistance</csvlogicalIdentifier>
   </csvAttrDefinizer>
   <csvAttrDefinizer handler="wt.iba.definition.DefinitionLoaderWithCache.createAttrDefinizer">
      <csvname>Adapter_Plate_Thickness</csvname>
      <csvhierarchyDisplayName>适配板厚</csvhierarchyDisplayName>
      <csvorganizerPaths>CATL</csvorganizerPaths>
      <csvdefinitionPaths/>
      <csvdisplay_name>适配板厚</csvdisplay_name>
      <csvdescription>Adapter_Plate_Thickness</csvdescription>
      <csvdata_type>STR</csvdata_type>
      <csvQoMName/>
      <csvnameValuePairs/>
      <csvlogicalIdentifier>Adapter_Plate_Thickness</csvlogicalIdentifier>
   </csvAttrDefinizer>
   <csvAttrDefinizer handler="wt.iba.definition.DefinitionLoaderWithCache.createAttrDefinizer">
      <csvname>Pb_Free</csvname>
      <csvhierarchyDisplayName>无铅</csvhierarchyDisplayName>
      <csvorganizerPaths>CATL</csvorganizerPaths>
      <csvdefinitionPaths/>
      <csvdisplay_name>无铅</csvdisplay_name>
      <csvdescription>Pb_Free</csvdescription>
      <csvdata_type>STR</csvdata_type>
      <csvQoMName/>
      <csvnameValuePairs/>
      <csvlogicalIdentifier>Pb_Free</csvlogicalIdentifier>
   </csvAttrDefinizer>
   <csvAttrDefinizer handler="wt.iba.definition.DefinitionLoaderWithCache.createAttrDefinizer">
      <csvname>Wire_Length</csvname>
      <csvhierarchyDisplayName>导线长度</csvhierarchyDisplayName>
      <csvorganizerPaths>CATL</csvorganizerPaths>
      <csvdefinitionPaths/>
      <csvdisplay_name>导线长度</csvdisplay_name>
      <csvdescription>Wire_Length</csvdescription>
      <csvdata_type>STR</csvdata_type>
      <csvQoMName/>
      <csvnameValuePairs/>
      <csvlogicalIdentifier>Wire_Length</csvlogicalIdentifier>
   </csvAttrDefinizer>
   <csvAttrDefinizer handler="wt.iba.definition.DefinitionLoaderWithCache.createAttrDefinizer">
      <csvname>Branch_Quantity</csvname>
      <csvhierarchyDisplayName>支路数</csvhierarchyDisplayName>
      <csvorganizerPaths>CATL</csvorganizerPaths>
      <csvdefinitionPaths/>
      <csvdisplay_name>支路数</csvdisplay_name>
      <csvdescription>Branch_Quantity</csvdescription>
      <csvdata_type>STR</csvdata_type>
      <csvQoMName/>
      <csvnameValuePairs/>
      <csvlogicalIdentifier>Branch_Quantity</csvlogicalIdentifier>
   </csvAttrDefinizer>
   <csvAttrDefinizer handler="wt.iba.definition.DefinitionLoaderWithCache.createAttrDefinizer">
      <csvname>Product_Energy</csvname>
      <csvhierarchyDisplayName>产品能量</csvhierarchyDisplayName>
      <csvorganizerPaths>CATL</csvorganizerPaths>
      <csvdefinitionPaths/>
      <csvdisplay_name>产品能量</csvdisplay_name>
      <csvdescription>Product_Energy</csvdescription>
      <csvdata_type>STR</csvdata_type>
      <csvQoMName/>
      <csvnameValuePairs/>
      <csvlogicalIdentifier>Product_Energy</csvlogicalIdentifier>
   </csvAttrDefinizer>
   <csvAttrDefinizer handler="wt.iba.definition.DefinitionLoaderWithCache.createAttrDefinizer">
      <csvname>Toplimit_Temperature</csvname>
      <csvhierarchyDisplayName>上限温度</csvhierarchyDisplayName>
      <csvorganizerPaths>CATL</csvorganizerPaths>
      <csvdefinitionPaths/>
      <csvdisplay_name>上限温度</csvdisplay_name>
      <csvdescription>Toplimit_Temperature</csvdescription>
      <csvdata_type>STR</csvdata_type>
      <csvQoMName/>
      <csvnameValuePairs/>
      <csvlogicalIdentifier>Toplimit_Temperature</csvlogicalIdentifier>
   </csvAttrDefinizer>
   <csvAttrDefinizer handler="wt.iba.definition.DefinitionLoaderWithCache.createAttrDefinizer">
      <csvname>Maximum_Section_Area</csvname>
      <csvhierarchyDisplayName>最大截面积</csvhierarchyDisplayName>
      <csvorganizerPaths>CATL</csvorganizerPaths>
      <csvdefinitionPaths/>
      <csvdisplay_name>最大截面积</csvdisplay_name>
      <csvdescription>Maximum_Section_Area</csvdescription>
      <csvdata_type>STR</csvdata_type>
      <csvQoMName/>
      <csvnameValuePairs/>
      <csvlogicalIdentifier>最大截面积</csvlogicalIdentifier>
   </csvAttrDefinizer>
   <csvAttrDefinizer handler="wt.iba.definition.DefinitionLoaderWithCache.createAttrDefinizer">
      <csvname>Manufacturer_Part_Number</csvname>
      <csvhierarchyDisplayName>MPN</csvhierarchyDisplayName>
      <csvorganizerPaths>CATL</csvorganizerPaths>
      <csvdefinitionPaths/>
      <csvdisplay_name>MPN</csvdisplay_name>
      <csvdescription>Manufacturer_Part_Number</csvdescription>
      <csvdata_type>STR</csvdata_type>
      <csvQoMName/>
      <csvnameValuePairs/>
      <csvlogicalIdentifier>Manufacturer_Part_Number</csvlogicalIdentifier>
   </csvAttrDefinizer>
   <csvAttrDefinizer handler="wt.iba.definition.DefinitionLoaderWithCache.createAttrDefinizer">
      <csvname>Component_Footprint</csvname>
      <csvhierarchyDisplayName>元件封装</csvhierarchyDisplayName>
      <csvorganizerPaths>CATL</csvorganizerPaths>
      <csvdefinitionPaths/>
      <csvdisplay_name>元件封装</csvdisplay_name>
      <csvdescription>Component_Footprint</csvdescription>
      <csvdata_type>STR</csvdata_type>
      <csvQoMName/>
      <csvnameValuePairs/>
      <csvlogicalIdentifier>Component_Footprint</csvlogicalIdentifier>
   </csvAttrDefinizer>
   <csvAttrDefinizer handler="wt.iba.definition.DefinitionLoaderWithCache.createAttrDefinizer">
      <csvname>PPM</csvname>
      <csvhierarchyDisplayName>温飘系数</csvhierarchyDisplayName>
      <csvorganizerPaths>CATL</csvorganizerPaths>
      <csvdefinitionPaths/>
      <csvdisplay_name>温飘系数</csvdisplay_name>
      <csvdescription>PPM</csvdescription>
      <csvdata_type>STR</csvdata_type>
      <csvQoMName/>
      <csvnameValuePairs/>
      <csvlogicalIdentifier>PPM</csvlogicalIdentifier>
   </csvAttrDefinizer>
   <csvAttrDefinizer handler="wt.iba.definition.DefinitionLoaderWithCache.createAttrDefinizer">
      <csvname>Performance_Level</csvname>
      <csvhierarchyDisplayName>性能等级</csvhierarchyDisplayName>
      <csvorganizerPaths>CATL</csvorganizerPaths>
      <csvdefinitionPaths/>
      <csvdisplay_name>性能等级</csvdisplay_name>
      <csvdescription>Performance_Level</csvdescription>
      <csvdata_type>STR</csvdata_type>
      <csvQoMName/>
      <csvnameValuePairs/>
      <csvlogicalIdentifier>Performance_Level</csvlogicalIdentifier>
   </csvAttrDefinizer>
   <csvAttrDefinizer handler="wt.iba.definition.DefinitionLoaderWithCache.createAttrDefinizer">
      <csvname>Degassing</csvname>
      <csvhierarchyDisplayName>排气量</csvhierarchyDisplayName>
      <csvorganizerPaths>CATL</csvorganizerPaths>
      <csvdefinitionPaths/>
      <csvdisplay_name>排气量</csvdisplay_name>
      <csvdescription>Degassing</csvdescription>
      <csvdata_type>STR</csvdata_type>
      <csvQoMName/>
      <csvnameValuePairs/>
      <csvlogicalIdentifier>Degassing</csvlogicalIdentifier>
   </csvAttrDefinizer>
   <csvAttrDefinizer handler="wt.iba.definition.DefinitionLoaderWithCache.createAttrDefinizer">
      <csvname>Board_Number</csvname>
      <csvhierarchyDisplayName>板号</csvhierarchyDisplayName>
      <csvorganizerPaths>CATL</csvorganizerPaths>
      <csvdefinitionPaths/>
      <csvdisplay_name>板号</csvdisplay_name>
      <csvdescription>Board_Number</csvdescription>
      <csvdata_type>STR</csvdata_type>
      <csvQoMName/>
      <csvnameValuePairs/>
      <csvlogicalIdentifier>Board_Number</csvlogicalIdentifier>
   </csvAttrDefinizer>
   <csvAttrDefinizer handler="wt.iba.definition.DefinitionLoaderWithCache.createAttrDefinizer">
      <csvname>Special_Explanation</csvname>
      <csvhierarchyDisplayName>特殊说明</csvhierarchyDisplayName>
      <csvorganizerPaths>CATL</csvorganizerPaths>
      <csvdefinitionPaths/>
      <csvdisplay_name>特殊说明</csvdisplay_name>
      <csvdescription>Special_Explanation</csvdescription>
      <csvdata_type>STR</csvdata_type>
      <csvQoMName/>
      <csvnameValuePairs/>
      <csvlogicalIdentifier>Special_Explanation</csvlogicalIdentifier>
   </csvAttrDefinizer>
   <csvAttrDefinizer handler="wt.iba.definition.DefinitionLoaderWithCache.createAttrDefinizer">
      <csvname>Flame_Retardancy</csvname>
      <csvhierarchyDisplayName>阻燃等级</csvhierarchyDisplayName>
      <csvorganizerPaths>CATL</csvorganizerPaths>
      <csvdefinitionPaths/>
      <csvdisplay_name>阻燃等级</csvdisplay_name>
      <csvdescription>Flame_Retardancy</csvdescription>
      <csvdata_type>STR</csvdata_type>
      <csvQoMName/>
      <csvnameValuePairs/>
      <csvlogicalIdentifier>Flame_Retardancy</csvlogicalIdentifier>
   </csvAttrDefinizer>
   <csvAttrDefinizer handler="wt.iba.definition.DefinitionLoaderWithCache.createAttrDefinizer">
      <csvname>RDS_on</csvname>
      <csvhierarchyDisplayName>导通电阻</csvhierarchyDisplayName>
      <csvorganizerPaths>CATL</csvorganizerPaths>
      <csvdefinitionPaths/>
      <csvdisplay_name>导通电阻</csvdisplay_name>
      <csvdescription>RDS_on</csvdescription>
      <csvdata_type>STR</csvdata_type>
      <csvQoMName/>
      <csvnameValuePairs/>
      <csvlogicalIdentifier>RDS_on</csvlogicalIdentifier>
   </csvAttrDefinizer>
   <csvAttrDefinizer handler="wt.iba.definition.DefinitionLoaderWithCache.createAttrDefinizer">
      <csvname>Rated_Voltage</csvname>
      <csvhierarchyDisplayName>额定电压</csvhierarchyDisplayName>
      <csvorganizerPaths>CATL</csvorganizerPaths>
      <csvdefinitionPaths/>
      <csvdisplay_name>额定电压</csvdisplay_name>
      <csvdescription>Rated_Voltage</csvdescription>
      <csvdata_type>STR</csvdata_type>
      <csvQoMName/>
      <csvnameValuePairs/>
      <csvlogicalIdentifier>Rated_Voltage</csvlogicalIdentifier>
   </csvAttrDefinizer>
   <csvAttrDefinizer handler="wt.iba.definition.DefinitionLoaderWithCache.createAttrDefinizer">
      <csvname>Junction_Temperature_Range</csvname>
      <csvhierarchyDisplayName>结温</csvhierarchyDisplayName>
      <csvorganizerPaths>CATL</csvorganizerPaths>
      <csvdefinitionPaths/>
      <csvdisplay_name>结温</csvdisplay_name>
      <csvdescription>Junction_Temperature_Range</csvdescription>
      <csvdata_type>STR</csvdata_type>
      <csvQoMName/>
      <csvnameValuePairs/>
      <csvlogicalIdentifier>Junction_Temperature_Range</csvlogicalIdentifier>
   </csvAttrDefinizer>
   <csvAttrDefinizer handler="wt.iba.definition.DefinitionLoaderWithCache.createAttrDefinizer">
      <csvname>Density</csvname>
      <csvhierarchyDisplayName>密度</csvhierarchyDisplayName>
      <csvorganizerPaths>CATL</csvorganizerPaths>
      <csvdefinitionPaths/>
      <csvdisplay_name>密度</csvdisplay_name>
      <csvdescription>Density</csvdescription>
      <csvdata_type>STR</csvdata_type>
      <csvQoMName/>
      <csvnameValuePairs/>
      <csvlogicalIdentifier>Density</csvlogicalIdentifier>
   </csvAttrDefinizer>
   <csvAttrDefinizer handler="wt.iba.definition.DefinitionLoaderWithCache.createAttrDefinizer">
      <csvname>Component_Proportion</csvname>
      <csvhierarchyDisplayName>组份比例</csvhierarchyDisplayName>
      <csvorganizerPaths>CATL</csvorganizerPaths>
      <csvdefinitionPaths/>
      <csvdisplay_name>组份比例</csvdisplay_name>
      <csvdescription>Component_Proportion</csvdescription>
      <csvdata_type>STR</csvdata_type>
      <csvQoMName/>
      <csvnameValuePairs/>
      <csvlogicalIdentifier>Component_Proportion</csvlogicalIdentifier>
   </csvAttrDefinizer>
   <csvAttrDefinizer handler="wt.iba.definition.DefinitionLoaderWithCache.createAttrDefinizer">
      <csvname>Withstanding_Temperature</csvname>
      <csvhierarchyDisplayName>耐温等级</csvhierarchyDisplayName>
      <csvorganizerPaths>CATL</csvorganizerPaths>
      <csvdefinitionPaths/>
      <csvdisplay_name>耐温等级</csvdisplay_name>
      <csvdescription>Withstanding_Temperature</csvdescription>
      <csvdata_type>STR</csvdata_type>
      <csvQoMName/>
      <csvnameValuePairs/>
      <csvlogicalIdentifier>Withstanding_Temperature</csvlogicalIdentifier>
   </csvAttrDefinizer>
   <csvAttrDefinizer handler="wt.iba.definition.DefinitionLoaderWithCache.createAttrDefinizer">
      <csvname>Driving_Voltage</csvname>
      <csvhierarchyDisplayName>驱动电压</csvhierarchyDisplayName>
      <csvorganizerPaths>CATL</csvorganizerPaths>
      <csvdefinitionPaths/>
      <csvdisplay_name>驱动电压</csvdisplay_name>
      <csvdescription>Driving_Voltage</csvdescription>
      <csvdata_type>STR</csvdata_type>
      <csvQoMName/>
      <csvnameValuePairs/>
      <csvlogicalIdentifier>Driving_Voltage</csvlogicalIdentifier>
   </csvAttrDefinizer>
   <csvAttrDefinizer handler="wt.iba.definition.DefinitionLoaderWithCache.createAttrDefinizer">
      <csvname>Halogen_Free</csvname>
      <csvhierarchyDisplayName>无卤</csvhierarchyDisplayName>
      <csvorganizerPaths>CATL</csvorganizerPaths>
      <csvdefinitionPaths/>
      <csvdisplay_name>无卤</csvdisplay_name>
      <csvdescription>Halogen_Free</csvdescription>
      <csvdata_type>STR</csvdata_type>
      <csvQoMName/>
      <csvnameValuePairs/>
      <csvlogicalIdentifier>Halogen_Free</csvlogicalIdentifier>
   </csvAttrDefinizer>
   <csvAttrDefinizer handler="wt.iba.definition.DefinitionLoaderWithCache.createAttrDefinizer">
      <csvname>Cell_Connection_Mode</csvname>
      <csvhierarchyDisplayName>电芯连接方式</csvhierarchyDisplayName>
      <csvorganizerPaths>CATL</csvorganizerPaths>
      <csvdefinitionPaths/>
      <csvdisplay_name>电芯连接方式</csvdisplay_name>
      <csvdescription>Cell_Connection_Mode</csvdescription>
      <csvdata_type>STR</csvdata_type>
      <csvQoMName/>
      <csvnameValuePairs/>
      <csvlogicalIdentifier>Cell_Connection_Mode</csvlogicalIdentifier>
   </csvAttrDefinizer>
   <csvAttrDefinizer handler="wt.iba.definition.DefinitionLoaderWithCache.createAttrDefinizer">
      <csvname>Customize</csvname>
      <csvhierarchyDisplayName>定制</csvhierarchyDisplayName>
      <csvorganizerPaths>CATL</csvorganizerPaths>
      <csvdefinitionPaths/>
      <csvdisplay_name>定制</csvdisplay_name>
      <csvdescription>Customize</csvdescription>
      <csvdata_type>STR</csvdata_type>
      <csvQoMName/>
      <csvnameValuePairs/>
      <csvlogicalIdentifier>Customize</csvlogicalIdentifier>
   </csvAttrDefinizer>
   <csvAttrDefinizer handler="wt.iba.definition.DefinitionLoaderWithCache.createAttrDefinizer">
      <csvname>Length</csvname>
      <csvhierarchyDisplayName>长(mm)</csvhierarchyDisplayName>
      <csvorganizerPaths>CATL</csvorganizerPaths>
      <csvdefinitionPaths/>
      <csvdisplay_name>长(mm)</csvdisplay_name>
      <csvdescription>Length</csvdescription>
      <csvdata_type>UNIT</csvdata_type>
      <csvQoMName>Length</csvQoMName>
      <csvnameValuePairs>SI~mm</csvnameValuePairs>
      <csvlogicalIdentifier>Length</csvlogicalIdentifier>
   </csvAttrDefinizer>
   <csvAttrDefinizer handler="wt.iba.definition.DefinitionLoaderWithCache.createAttrDefinizer">
      <csvname>Connection_Mode</csvname>
      <csvhierarchyDisplayName>连接方式</csvhierarchyDisplayName>
      <csvorganizerPaths>CATL</csvorganizerPaths>
      <csvdefinitionPaths/>
      <csvdisplay_name>连接方式</csvdisplay_name>
      <csvdescription>Connection_Mode</csvdescription>
      <csvdata_type>STR</csvdata_type>
      <csvQoMName/>
      <csvnameValuePairs/>
      <csvlogicalIdentifier>Connection_Mode</csvlogicalIdentifier>
   </csvAttrDefinizer>
   <csvAttrDefinizer handler="wt.iba.definition.DefinitionLoaderWithCache.createAttrDefinizer">
      <csvname>Functional_Classification</csvname>
      <csvhierarchyDisplayName>功能分类</csvhierarchyDisplayName>
      <csvorganizerPaths>CATL</csvorganizerPaths>
      <csvdefinitionPaths/>
      <csvdisplay_name>功能分类</csvdisplay_name>
      <csvdescription>Functional_Classification</csvdescription>
      <csvdata_type>STR</csvdata_type>
      <csvQoMName/>
      <csvnameValuePairs/>
      <csvlogicalIdentifier>Functional_Classification</csvlogicalIdentifier>
   </csvAttrDefinizer>
   <csvAttrDefinizer handler="wt.iba.definition.DefinitionLoaderWithCache.createAttrDefinizer">
      <csvname>Metal_Grade</csvname>
      <csvhierarchyDisplayName>牌号</csvhierarchyDisplayName>
      <csvorganizerPaths>CATL</csvorganizerPaths>
      <csvdefinitionPaths/>
      <csvdisplay_name>牌号</csvdisplay_name>
      <csvdescription>Metal_Grade</csvdescription>
      <csvdata_type>STR</csvdata_type>
      <csvQoMName/>
      <csvnameValuePairs/>
      <csvlogicalIdentifier>Metal_Grade</csvlogicalIdentifier>
   </csvAttrDefinizer>
   <csvAttrDefinizer handler="wt.iba.definition.DefinitionLoaderWithCache.createAttrDefinizer">
      <csvname>Cell_Energy</csvname>
      <csvhierarchyDisplayName>电芯能量</csvhierarchyDisplayName>
      <csvorganizerPaths>CATL</csvorganizerPaths>
      <csvdefinitionPaths/>
      <csvdisplay_name>电芯能量</csvdisplay_name>
      <csvdescription>Cell_Energy</csvdescription>
      <csvdata_type>STR</csvdata_type>
      <csvQoMName/>
      <csvnameValuePairs/>
      <csvlogicalIdentifier>Cell_Energy</csvlogicalIdentifier>
   </csvAttrDefinizer>
   <csvAttrDefinizer handler="wt.iba.definition.DefinitionLoaderWithCache.createAttrDefinizer">
      <csvname>Brand</csvname>
      <csvhierarchyDisplayName>品牌</csvhierarchyDisplayName>
      <csvorganizerPaths>CATL</csvorganizerPaths>
      <csvdefinitionPaths/>
      <csvdisplay_name>品牌</csvdisplay_name>
      <csvdescription>Brand</csvdescription>
      <csvdata_type>STR</csvdata_type>
      <csvQoMName/>
      <csvnameValuePairs/>
      <csvlogicalIdentifier>Brand</csvlogicalIdentifier>
   </csvAttrDefinizer>
   <csvAttrDefinizer handler="wt.iba.definition.DefinitionLoaderWithCache.createAttrDefinizer">
      <csvname>Single_Layer_Thickness</csvname>
      <csvhierarchyDisplayName>单层厚度</csvhierarchyDisplayName>
      <csvorganizerPaths>CATL</csvorganizerPaths>
      <csvdefinitionPaths/>
      <csvdisplay_name>单层厚度</csvdisplay_name>
      <csvdescription>Single_Layer_Thickness</csvdescription>
      <csvdata_type>STR</csvdata_type>
      <csvQoMName/>
      <csvnameValuePairs/>
      <csvlogicalIdentifier>Single_Layer_Thickness</csvlogicalIdentifier>
   </csvAttrDefinizer>
   <csvAttrDefinizer handler="wt.iba.definition.DefinitionLoaderWithCache.createAttrDefinizer">
      <csvname>RoHS</csvname>
      <csvhierarchyDisplayName>RoHS</csvhierarchyDisplayName>
      <csvorganizerPaths>CATL</csvorganizerPaths>
      <csvdefinitionPaths/>
      <csvdisplay_name>RoHS</csvdisplay_name>
      <csvdescription>RoHS</csvdescription>
      <csvdata_type>STR</csvdata_type>
      <csvQoMName/>
      <csvnameValuePairs/>
      <csvlogicalIdentifier>RoHS</csvlogicalIdentifier>
   </csvAttrDefinizer>
   <csvAttrDefinizer handler="wt.iba.definition.DefinitionLoaderWithCache.createAttrDefinizer">
      <csvname>Inbreaking_Protection_Grade</csvname>
      <csvhierarchyDisplayName>防护等级</csvhierarchyDisplayName>
      <csvorganizerPaths>CATL</csvorganizerPaths>
      <csvdefinitionPaths/>
      <csvdisplay_name>防护等级</csvdisplay_name>
      <csvdescription>Inbreaking_Protection_Grade</csvdescription>
      <csvdata_type>STR</csvdata_type>
      <csvQoMName/>
      <csvnameValuePairs/>
      <csvlogicalIdentifier>Inbreaking_Protection_Grade</csvlogicalIdentifier>
   </csvAttrDefinizer>
   <csvAttrDefinizer handler="wt.iba.definition.DefinitionLoaderWithCache.createAttrDefinizer">
      <csvname>Insulation_Voltage</csvname>
      <csvhierarchyDisplayName>绝缘耐压</csvhierarchyDisplayName>
      <csvorganizerPaths>CATL</csvorganizerPaths>
      <csvdefinitionPaths/>
      <csvdisplay_name>绝缘耐压</csvdisplay_name>
      <csvdescription>Insulation_Voltage</csvdescription>
      <csvdata_type>STR</csvdata_type>
      <csvQoMName/>
      <csvnameValuePairs/>
      <csvlogicalIdentifier>Insulation_Voltage</csvlogicalIdentifier>
   </csvAttrDefinizer>
   <csvAttrDefinizer handler="wt.iba.definition.DefinitionLoaderWithCache.createAttrDefinizer">
      <csvname>Module_Quantity</csvname>
      <csvhierarchyDisplayName>模组数量</csvhierarchyDisplayName>
      <csvorganizerPaths>CATL</csvorganizerPaths>
      <csvdefinitionPaths/>
      <csvdisplay_name>模组数量</csvdisplay_name>
      <csvdescription>Module_Quantity</csvdescription>
      <csvdata_type>STR</csvdata_type>
      <csvQoMName/>
      <csvnameValuePairs/>
      <csvlogicalIdentifier>Module_Quantity</csvlogicalIdentifier>
   </csvAttrDefinizer>
   <csvAttrDefinizer handler="wt.iba.definition.DefinitionLoaderWithCache.createAttrDefinizer">
      <csvname>Component_Value</csvname>
      <csvhierarchyDisplayName>元件值</csvhierarchyDisplayName>
      <csvorganizerPaths>CATL</csvorganizerPaths>
      <csvdefinitionPaths/>
      <csvdisplay_name>元件值</csvdisplay_name>
      <csvdescription>Component_Value</csvdescription>
      <csvdata_type>STR</csvdata_type>
      <csvQoMName/>
      <csvnameValuePairs/>
      <csvlogicalIdentifier>Component_Value</csvlogicalIdentifier>
   </csvAttrDefinizer>
   <csvAttrDefinizer handler="wt.iba.definition.DefinitionLoaderWithCache.createAttrDefinizer">
      <csvname>Signal_Type</csvname>
      <csvhierarchyDisplayName>信号类型</csvhierarchyDisplayName>
      <csvorganizerPaths>CATL</csvorganizerPaths>
      <csvdefinitionPaths/>
      <csvdisplay_name>信号类型</csvdisplay_name>
      <csvdescription>Signal_Type</csvdescription>
      <csvdata_type>STR</csvdata_type>
      <csvQoMName/>
      <csvnameValuePairs/>
      <csvlogicalIdentifier>Signal_Type</csvlogicalIdentifier>
   </csvAttrDefinizer>
   <csvAttrDefinizer handler="wt.iba.definition.DefinitionLoaderWithCache.createAttrDefinizer">
      <csvname>Wire_Section_Area</csvname>
      <csvhierarchyDisplayName>线截面积</csvhierarchyDisplayName>
      <csvorganizerPaths>CATL</csvorganizerPaths>
      <csvdefinitionPaths/>
      <csvdisplay_name>线截面积</csvdisplay_name>
      <csvdescription>Wire_Section_Area</csvdescription>
      <csvdata_type>STR</csvdata_type>
      <csvQoMName/>
      <csvnameValuePairs/>
      <csvlogicalIdentifier>Wire_Section_Area</csvlogicalIdentifier>
   </csvAttrDefinizer>
   <csvAttrDefinizer handler="wt.iba.definition.DefinitionLoaderWithCache.createAttrDefinizer">
      <csvname>Process</csvname>
      <csvhierarchyDisplayName>工艺</csvhierarchyDisplayName>
      <csvorganizerPaths>CATL</csvorganizerPaths>
      <csvdefinitionPaths/>
      <csvdisplay_name>工艺</csvdisplay_name>
      <csvdescription>Process</csvdescription>
      <csvdata_type>STR</csvdata_type>
      <csvQoMName/>
      <csvnameValuePairs/>
      <csvlogicalIdentifier>Process</csvlogicalIdentifier>
   </csvAttrDefinizer>
   <csvAttrDefinizer handler="wt.iba.definition.DefinitionLoaderWithCache.createAttrDefinizer">
      <csvname>Voltage</csvname>
      <csvhierarchyDisplayName>电压</csvhierarchyDisplayName>
      <csvorganizerPaths>CATL</csvorganizerPaths>
      <csvdefinitionPaths/>
      <csvdisplay_name>电压</csvdisplay_name>
      <csvdescription>Voltage</csvdescription>
      <csvdata_type>STR</csvdata_type>
      <csvQoMName/>
      <csvnameValuePairs/>
      <csvlogicalIdentifier>Voltage</csvlogicalIdentifier>
   </csvAttrDefinizer>
   <csvAttrDefinizer handler="wt.iba.definition.DefinitionLoaderWithCache.createAttrDefinizer">
      <csvname>Tube_Thickness</csvname>
      <csvhierarchyDisplayName>壁厚</csvhierarchyDisplayName>
      <csvorganizerPaths>CATL</csvorganizerPaths>
      <csvdefinitionPaths/>
      <csvdisplay_name>壁厚</csvdisplay_name>
      <csvdescription>Tube_Thickness</csvdescription>
      <csvdata_type>STR</csvdata_type>
      <csvQoMName/>
      <csvnameValuePairs/>
      <csvlogicalIdentifier>Tube_Thickness</csvlogicalIdentifier>
   </csvAttrDefinizer>
   <csvAttrDefinizer handler="wt.iba.definition.DefinitionLoaderWithCache.createAttrDefinizer">
      <csvname>International_Charging_Port</csvname>
      <csvhierarchyDisplayName>是否带国际充电口</csvhierarchyDisplayName>
      <csvorganizerPaths>CATL</csvorganizerPaths>
      <csvdefinitionPaths/>
      <csvdisplay_name>是否带国际充电口</csvdisplay_name>
      <csvdescription>International_Charging_Port</csvdescription>
      <csvdata_type>STR</csvdata_type>
      <csvQoMName/>
      <csvnameValuePairs/>
      <csvlogicalIdentifier>International_Charging_Port</csvlogicalIdentifier>
   </csvAttrDefinizer>
   <csvAttrDefinizer handler="wt.iba.definition.DefinitionLoaderWithCache.createAttrDefinizer">
      <csvname>Terminal_Material</csvname>
      <csvhierarchyDisplayName>端子材质</csvhierarchyDisplayName>
      <csvorganizerPaths>CATL</csvorganizerPaths>
      <csvdefinitionPaths/>
      <csvdisplay_name>端子材质</csvdisplay_name>
      <csvdescription>Terminal_Material</csvdescription>
      <csvdata_type>STR</csvdata_type>
      <csvQoMName/>
      <csvnameValuePairs/>
      <csvlogicalIdentifier>Terminal_Material</csvlogicalIdentifier>
   </csvAttrDefinizer>
   <csvAttrDefinizer handler="wt.iba.definition.DefinitionLoaderWithCache.createAttrDefinizer">
      <csvname>Width</csvname>
      <csvhierarchyDisplayName>宽(mm)</csvhierarchyDisplayName>
      <csvorganizerPaths>CATL</csvorganizerPaths>
      <csvdefinitionPaths/>
      <csvdisplay_name>宽(mm)</csvdisplay_name>
      <csvdescription>Width</csvdescription>
      <csvdata_type>UNIT</csvdata_type>
      <csvQoMName>Length</csvQoMName>
      <csvnameValuePairs>SI~mm</csvnameValuePairs>
      <csvlogicalIdentifier>Width</csvlogicalIdentifier>
   </csvAttrDefinizer>
   <csvAttrDefinizer handler="wt.iba.definition.DefinitionLoaderWithCache.createAttrDefinizer">
      <csvname>Fixed_Hole_Size</csvname>
      <csvhierarchyDisplayName>固定孔尺寸</csvhierarchyDisplayName>
      <csvorganizerPaths>CATL</csvorganizerPaths>
      <csvdefinitionPaths/>
      <csvdisplay_name>固定孔尺寸</csvdisplay_name>
      <csvdescription>Fixed_Hole_Size</csvdescription>
      <csvdata_type>STR</csvdata_type>
      <csvQoMName/>
      <csvnameValuePairs/>
      <csvlogicalIdentifier>Fixed_Hole_Size</csvlogicalIdentifier>
   </csvAttrDefinizer>
   <csvAttrDefinizer handler="wt.iba.definition.DefinitionLoaderWithCache.createAttrDefinizer">
      <csvname>Size</csvname>
      <csvhierarchyDisplayName>尺寸</csvhierarchyDisplayName>
      <csvorganizerPaths>CATL</csvorganizerPaths>
      <csvdefinitionPaths/>
      <csvdisplay_name>尺寸</csvdisplay_name>
      <csvdescription>Size</csvdescription>
      <csvdata_type>STR</csvdata_type>
      <csvQoMName/>
      <csvnameValuePairs/>
      <csvlogicalIdentifier>Size</csvlogicalIdentifier>
   </csvAttrDefinizer>
   <csvAttrDefinizer handler="wt.iba.definition.DefinitionLoaderWithCache.createAttrDefinizer">
      <csvname>Current</csvname>
      <csvhierarchyDisplayName>电流</csvhierarchyDisplayName>
      <csvorganizerPaths>CATL</csvorganizerPaths>
      <csvdefinitionPaths/>
      <csvdisplay_name>电流</csvdisplay_name>
      <csvdescription>Current</csvdescription>
      <csvdata_type>STR</csvdata_type>
      <csvQoMName/>
      <csvnameValuePairs/>
      <csvlogicalIdentifier>Current</csvlogicalIdentifier>
   </csvAttrDefinizer>
   <csvAttrDefinizer handler="wt.iba.definition.DefinitionLoaderWithCache.createAttrDefinizer">
      <csvname>Standard</csvname>
      <csvhierarchyDisplayName>标准</csvhierarchyDisplayName>
      <csvorganizerPaths>CATL</csvorganizerPaths>
      <csvdefinitionPaths/>
      <csvdisplay_name>标准</csvdisplay_name>
      <csvdescription>Standard</csvdescription>
      <csvdata_type>STR</csvdata_type>
      <csvQoMName/>
      <csvnameValuePairs/>
      <csvlogicalIdentifier>Standard</csvlogicalIdentifier>
   </csvAttrDefinizer>
   <csvAttrDefinizer handler="wt.iba.definition.DefinitionLoaderWithCache.createAttrDefinizer">
      <csvname>Terminal_Film</csvname>
      <csvhierarchyDisplayName>端子镀层</csvhierarchyDisplayName>
      <csvorganizerPaths>CATL</csvorganizerPaths>
      <csvdefinitionPaths/>
      <csvdisplay_name>端子镀层</csvdisplay_name>
      <csvdescription>Terminal_Film</csvdescription>
      <csvdata_type>STR</csvdata_type>
      <csvQoMName/>
      <csvnameValuePairs/>
      <csvlogicalIdentifier>Terminal_Film</csvlogicalIdentifier>
   </csvAttrDefinizer>
   <csvAttrDefinizer handler="wt.iba.definition.DefinitionLoaderWithCache.createAttrDefinizer">
      <csvname>Power</csvname>
      <csvhierarchyDisplayName>功率</csvhierarchyDisplayName>
      <csvorganizerPaths>CATL</csvorganizerPaths>
      <csvdefinitionPaths/>
      <csvdisplay_name>功率</csvdisplay_name>
      <csvdescription>Power</csvdescription>
      <csvdata_type>STR</csvdata_type>
      <csvQoMName/>
      <csvnameValuePairs/>
      <csvlogicalIdentifier>Power</csvlogicalIdentifier>
   </csvAttrDefinizer>
   <csvAttrDefinizer handler="wt.iba.definition.DefinitionLoaderWithCache.createAttrDefinizer">
      <csvname>Height</csvname>
      <csvhierarchyDisplayName>高(mm)</csvhierarchyDisplayName>
      <csvorganizerPaths>CATL</csvorganizerPaths>
      <csvdefinitionPaths/>
      <csvdisplay_name>高(mm)</csvdisplay_name>
      <csvdescription>Height</csvdescription>
      <csvdata_type>UNIT</csvdata_type>
      <csvQoMName>Length</csvQoMName>
      <csvnameValuePairs>SI~mm</csvnameValuePairs>
      <csvlogicalIdentifier>Height</csvlogicalIdentifier>
   </csvAttrDefinizer>
   <csvAttrDefinizer handler="wt.iba.definition.DefinitionLoaderWithCache.createAttrDefinizer">
      <csvname>Outer_Diameter</csvname>
      <csvhierarchyDisplayName>外径(mm)</csvhierarchyDisplayName>
      <csvorganizerPaths>CATL</csvorganizerPaths>
      <csvdefinitionPaths/>
      <csvdisplay_name>外径(mm)</csvdisplay_name>
      <csvdescription>Outer_Diameter</csvdescription>
      <csvdata_type>UNIT</csvdata_type>
      <csvQoMName>Length</csvQoMName>
      <csvnameValuePairs>SI~mm</csvnameValuePairs>
      <csvlogicalIdentifier>Outer_Diameter</csvlogicalIdentifier>
   </csvAttrDefinizer>
   <csvAttrDefinizer handler="wt.iba.definition.DefinitionLoaderWithCache.createAttrDefinizer">
      <csvname>Hardness</csvname>
      <csvhierarchyDisplayName>硬度</csvhierarchyDisplayName>
      <csvorganizerPaths>CATL</csvorganizerPaths>
      <csvdefinitionPaths/>
      <csvdisplay_name>硬度</csvdisplay_name>
      <csvdescription>Hardness</csvdescription>
      <csvdata_type>STR</csvdata_type>
      <csvQoMName/>
      <csvnameValuePairs/>
      <csvlogicalIdentifier>Hardness</csvlogicalIdentifier>
   </csvAttrDefinizer>
   <csvAttrDefinizer handler="wt.iba.definition.DefinitionLoaderWithCache.createAttrDefinizer">
      <csvname>Moisture_Sensitivity_Level</csvname>
      <csvhierarchyDisplayName>湿敏等级</csvhierarchyDisplayName>
      <csvorganizerPaths>CATL</csvorganizerPaths>
      <csvdefinitionPaths/>
      <csvdisplay_name>湿敏等级</csvdisplay_name>
      <csvdescription>Moisture_Sensitivity_Level</csvdescription>
      <csvdata_type>STR</csvdata_type>
      <csvQoMName/>
      <csvnameValuePairs/>
      <csvlogicalIdentifier>Moisture_Sensitivity_Level</csvlogicalIdentifier>
   </csvAttrDefinizer>
   <csvAttrDefinizer handler="wt.iba.definition.DefinitionLoaderWithCache.createAttrDefinizer">
      <csvname>Withstanding_Voltage</csvname>
      <csvhierarchyDisplayName>耐压值</csvhierarchyDisplayName>
      <csvorganizerPaths>CATL</csvorganizerPaths>
      <csvdefinitionPaths/>
      <csvdisplay_name>耐压值</csvdisplay_name>
      <csvdescription>Withstanding_Voltage</csvdescription>
      <csvdata_type>STR</csvdata_type>
      <csvQoMName/>
      <csvnameValuePairs/>
      <csvlogicalIdentifier>Withstanding_Voltage</csvlogicalIdentifier>
   </csvAttrDefinizer>
   <csvAttrDefinizer handler="wt.iba.definition.DefinitionLoaderWithCache.createAttrDefinizer">
      <csvname>Surfacing</csvname>
      <csvhierarchyDisplayName>表面处理</csvhierarchyDisplayName>
      <csvorganizerPaths>CATL</csvorganizerPaths>
      <csvdefinitionPaths/>
      <csvdisplay_name>表面处理</csvdisplay_name>
      <csvdescription>Surfacing</csvdescription>
      <csvdata_type>STR</csvdata_type>
      <csvQoMName/>
      <csvnameValuePairs/>
      <csvlogicalIdentifier>Surfacing</csvlogicalIdentifier>
   </csvAttrDefinizer>
   <csvAttrDefinizer handler="wt.iba.definition.DefinitionLoaderWithCache.createAttrDefinizer">
      <csvname>Contact_Resistance</csvname>
      <csvhierarchyDisplayName>接触阻抗</csvhierarchyDisplayName>
      <csvorganizerPaths>CATL</csvorganizerPaths>
      <csvdefinitionPaths/>
      <csvdisplay_name>接触阻抗</csvdisplay_name>
      <csvdescription>Contact_Resistance</csvdescription>
      <csvdata_type>STR</csvdata_type>
      <csvQoMName/>
      <csvnameValuePairs/>
      <csvlogicalIdentifier>Contact_Resistance</csvlogicalIdentifier>
   </csvAttrDefinizer>
   <csvAttrDefinizer handler="wt.iba.definition.DefinitionLoaderWithCache.createAttrDefinizer">
      <csvname>Cell_Mode</csvname>
      <csvhierarchyDisplayName>电芯类型</csvhierarchyDisplayName>
      <csvorganizerPaths>CATL</csvorganizerPaths>
      <csvdefinitionPaths/>
      <csvdisplay_name>电芯类型</csvdisplay_name>
      <csvdescription>Cell_Mode</csvdescription>
      <csvdata_type>STR</csvdata_type>
      <csvQoMName/>
      <csvnameValuePairs/>
      <csvlogicalIdentifier>Cell_Mode</csvlogicalIdentifier>
   </csvAttrDefinizer>
   <csvAttrDefinizer handler="wt.iba.definition.DefinitionLoaderWithCache.createAttrDefinizer">
      <csvname>Selfwinding_or_not</csvname>
      <csvhierarchyDisplayName>自卷/非自卷</csvhierarchyDisplayName>
      <csvorganizerPaths>CATL</csvorganizerPaths>
      <csvdefinitionPaths/>
      <csvdisplay_name>自卷/非自卷</csvdisplay_name>
      <csvdescription>Selfwinding_or_not</csvdescription>
      <csvdata_type>STR</csvdata_type>
      <csvQoMName/>
      <csvnameValuePairs/>
      <csvlogicalIdentifier>Selfwinding_or_not</csvlogicalIdentifier>
   </csvAttrDefinizer>
   <csvAttrDefinizer handler="wt.iba.definition.DefinitionLoaderWithCache.createAttrDefinizer">
      <csvname>Type</csvname>
      <csvhierarchyDisplayName>类型</csvhierarchyDisplayName>
      <csvorganizerPaths>CATL</csvorganizerPaths>
      <csvdefinitionPaths/>
      <csvdisplay_name>类型</csvdisplay_name>
      <csvdescription>Type</csvdescription>
      <csvdata_type>STR</csvdata_type>
      <csvQoMName/>
      <csvnameValuePairs/>
      <csvlogicalIdentifier>Type</csvlogicalIdentifier>
   </csvAttrDefinizer>
   <csvAttrDefinizer handler="wt.iba.definition.DefinitionLoaderWithCache.createAttrDefinizer">
      <csvname>Material</csvname>
      <csvhierarchyDisplayName>材质</csvhierarchyDisplayName>
      <csvorganizerPaths>CATL</csvorganizerPaths>
      <csvdefinitionPaths/>
      <csvdisplay_name>材质</csvdisplay_name>
      <csvdescription>Material</csvdescription>
      <csvdata_type>STR</csvdata_type>
      <csvQoMName/>
      <csvnameValuePairs/>
      <csvlogicalIdentifier>Material</csvlogicalIdentifier>
   </csvAttrDefinizer>
   <csvAttrDefinizer handler="wt.iba.definition.DefinitionLoaderWithCache.createAttrDefinizer">
      <csvname>Thickness</csvname>
      <csvhierarchyDisplayName>厚(mm)</csvhierarchyDisplayName>
      <csvorganizerPaths>CATL</csvorganizerPaths>
      <csvdefinitionPaths/>
      <csvdisplay_name>厚(mm)</csvdisplay_name>
      <csvdescription>Thickness</csvdescription>
      <csvdata_type>UNIT</csvdata_type>
      <csvQoMName>Length</csvQoMName>
      <csvnameValuePairs>SI~mm</csvnameValuePairs>
      <csvlogicalIdentifier>Thickness</csvlogicalIdentifier>
   </csvAttrDefinizer>
   <csvAttrDefinizer handler="wt.iba.definition.DefinitionLoaderWithCache.createAttrDefinizer">
      <csvname>Pin_Film</csvname>
      <csvhierarchyDisplayName>Pin镀层</csvhierarchyDisplayName>
      <csvorganizerPaths>CATL</csvorganizerPaths>
      <csvdefinitionPaths/>
      <csvdisplay_name>Pin镀层</csvdisplay_name>
      <csvdescription>Pin_Film</csvdescription>
      <csvdata_type>STR</csvdata_type>
      <csvQoMName/>
      <csvnameValuePairs/>
      <csvlogicalIdentifier>Pin_Film</csvlogicalIdentifier>
   </csvAttrDefinizer>
   <csvAttrDefinizer handler="wt.iba.definition.DefinitionLoaderWithCache.createAttrDefinizer">
      <csvname>Salt_Spray_Requirements</csvname>
      <csvhierarchyDisplayName>盐雾要求</csvhierarchyDisplayName>
      <csvorganizerPaths>CATL</csvorganizerPaths>
      <csvdefinitionPaths/>
      <csvdisplay_name>盐雾要求</csvdisplay_name>
      <csvdescription>Salt_Spray_Requirements</csvdescription>
      <csvdata_type>STR</csvdata_type>
      <csvQoMName/>
      <csvnameValuePairs/>
      <csvlogicalIdentifier>Salt_Spray_Requirements</csvlogicalIdentifier>
   </csvAttrDefinizer>
   <csvAttrDefinizer handler="wt.iba.definition.DefinitionLoaderWithCache.createAttrDefinizer">
      <csvname>Angle</csvname>
      <csvhierarchyDisplayName>角度</csvhierarchyDisplayName>
      <csvorganizerPaths>CATL</csvorganizerPaths>
      <csvdefinitionPaths/>
      <csvdisplay_name>角度</csvdisplay_name>
      <csvdescription>Angle</csvdescription>
      <csvdata_type>STR</csvdata_type>
      <csvQoMName/>
      <csvnameValuePairs/>
      <csvlogicalIdentifier>Angle</csvlogicalIdentifier>
   </csvAttrDefinizer>
   <csvAttrDefinizer handler="wt.iba.definition.DefinitionLoaderWithCache.createAttrDefinizer">
      <csvname>Component_Model</csvname>
      <csvhierarchyDisplayName>零部件型号</csvhierarchyDisplayName>
      <csvorganizerPaths>CATL</csvorganizerPaths>
      <csvdefinitionPaths/>
      <csvdisplay_name>零部件型号</csvdisplay_name>
      <csvdescription>Component_Model</csvdescription>
      <csvdata_type>STR</csvdata_type>
      <csvQoMName/>
      <csvnameValuePairs/>
      <csvlogicalIdentifier>Component_Model</csvlogicalIdentifier>
   </csvAttrDefinizer>
   <csvAttrDefinizer handler="wt.iba.definition.DefinitionLoaderWithCache.createAttrDefinizer">
      <csvname>Galvanized_Layer_Thickness</csvname>
      <csvhierarchyDisplayName>镀锌层厚度</csvhierarchyDisplayName>
      <csvorganizerPaths>CATL</csvorganizerPaths>
      <csvdefinitionPaths/>
      <csvdisplay_name>镀锌层厚度</csvdisplay_name>
      <csvdescription>Galvanized_Layer_Thickness</csvdescription>
      <csvdata_type>STR</csvdata_type>
      <csvQoMName/>
      <csvnameValuePairs/>
      <csvlogicalIdentifier>Galvanized_Layer_Thickness</csvlogicalIdentifier>
   </csvAttrDefinizer>
   <csvAttrDefinizer handler="wt.iba.definition.DefinitionLoaderWithCache.createAttrDefinizer">
      <csvname>Soldering_Temperature</csvname>
      <csvhierarchyDisplayName>焊接温度</csvhierarchyDisplayName>
      <csvorganizerPaths>CATL</csvorganizerPaths>
      <csvdefinitionPaths/>
      <csvdisplay_name>焊接温度</csvdisplay_name>
      <csvdescription>Soldering_Temperature</csvdescription>
      <csvdata_type>STR</csvdata_type>
      <csvQoMName/>
      <csvnameValuePairs/>
      <csvlogicalIdentifier>Soldering_Temperature</csvlogicalIdentifier>
   </csvAttrDefinizer>
   <csvAttrDefinizer handler="wt.iba.definition.DefinitionLoaderWithCache.createAttrDefinizer">
      <csvname>Grade</csvname>
      <csvhierarchyDisplayName>等级</csvhierarchyDisplayName>
      <csvorganizerPaths>CATL</csvorganizerPaths>
      <csvdefinitionPaths/>
      <csvdisplay_name>等级</csvdisplay_name>
      <csvdescription>Grade</csvdescription>
      <csvdata_type>STR</csvdata_type>
      <csvQoMName/>
      <csvnameValuePairs/>
      <csvlogicalIdentifier>Grade</csvlogicalIdentifier>
   </csvAttrDefinizer>
   <csvAttrDefinizer handler="wt.iba.definition.DefinitionLoaderWithCache.createAttrDefinizer">
      <csvname>Module_Connection_Mode</csvname>
      <csvhierarchyDisplayName>模组连接方式</csvhierarchyDisplayName>
      <csvorganizerPaths>CATL</csvorganizerPaths>
      <csvdefinitionPaths/>
      <csvdisplay_name>模组连接方式</csvdisplay_name>
      <csvdescription>Module_Connection_Mode</csvdescription>
      <csvdata_type>STR</csvdata_type>
      <csvQoMName/>
      <csvnameValuePairs/>
      <csvlogicalIdentifier>Module_Connection_Mode</csvlogicalIdentifier>
   </csvAttrDefinizer>
   <csvAttrDefinizer handler="wt.iba.definition.DefinitionLoaderWithCache.createAttrDefinizer">
      <csvname>Pin_Quantity</csvname>
      <csvhierarchyDisplayName>Pin数</csvhierarchyDisplayName>
      <csvorganizerPaths>CATL</csvorganizerPaths>
      <csvdefinitionPaths/>
      <csvdisplay_name>Pin数</csvdisplay_name>
      <csvdescription>Pin_Quantity</csvdescription>
      <csvdata_type>STR</csvdata_type>
      <csvQoMName/>
      <csvnameValuePairs/>
      <csvlogicalIdentifier>Pin_Quantity</csvlogicalIdentifier>
   </csvAttrDefinizer>
   <csvAttrDefinizer handler="wt.iba.definition.DefinitionLoaderWithCache.createAttrDefinizer">
      <csvname>Hygroscopicity</csvname>
      <csvhierarchyDisplayName>吸湿率</csvhierarchyDisplayName>
      <csvorganizerPaths>CATL</csvorganizerPaths>
      <csvdefinitionPaths/>
      <csvdisplay_name>吸湿率</csvdisplay_name>
      <csvdescription>Hygroscopicity</csvdescription>
      <csvdata_type>STR</csvdata_type>
      <csvQoMName/>
      <csvnameValuePairs/>
      <csvlogicalIdentifier>Hygroscopicity</csvlogicalIdentifier>
   </csvAttrDefinizer>
   <csvAttrDefinizer handler="wt.iba.definition.DefinitionLoaderWithCache.createAttrDefinizer">
      <csvname>Shape</csvname>
      <csvhierarchyDisplayName>形状</csvhierarchyDisplayName>
      <csvorganizerPaths>CATL</csvorganizerPaths>
      <csvdefinitionPaths/>
      <csvdisplay_name>形状</csvdisplay_name>
      <csvdescription>Shape</csvdescription>
      <csvdata_type>STR</csvdata_type>
      <csvQoMName/>
      <csvnameValuePairs/>
      <csvlogicalIdentifier>Shape</csvlogicalIdentifier>
   </csvAttrDefinizer>
   <csvAttrDefinizer handler="wt.iba.definition.DefinitionLoaderWithCache.createAttrDefinizer">
      <csvname>Category</csvname>
      <csvhierarchyDisplayName>类别</csvhierarchyDisplayName>
      <csvorganizerPaths>CATL</csvorganizerPaths>
      <csvdefinitionPaths/>
      <csvdisplay_name>类别</csvdisplay_name>
      <csvdescription>Category</csvdescription>
      <csvdata_type>STR</csvdata_type>
      <csvQoMName/>
      <csvnameValuePairs/>
      <csvlogicalIdentifier>Category</csvlogicalIdentifier>
   </csvAttrDefinizer>
   <csvAttrDefinizer handler="wt.iba.definition.DefinitionLoaderWithCache.createAttrDefinizer">
      <csvname>Grammes_Per_Square_Metre</csvname>
      <csvhierarchyDisplayName>克重</csvhierarchyDisplayName>
      <csvorganizerPaths>CATL</csvorganizerPaths>
      <csvdefinitionPaths/>
      <csvdisplay_name>克重</csvdisplay_name>
      <csvdescription>Grammes_Per_Square_Metre</csvdescription>
      <csvdata_type>STR</csvdata_type>
      <csvQoMName/>
      <csvnameValuePairs/>
      <csvlogicalIdentifier>Grammes_Per_Square_Metre</csvlogicalIdentifier>
   </csvAttrDefinizer>
   <csvAttrDefinizer handler="wt.iba.definition.DefinitionLoaderWithCache.createAttrDefinizer">
      <csvname>Revolutions_Per_Minute</csvname>
      <csvhierarchyDisplayName>转速</csvhierarchyDisplayName>
      <csvorganizerPaths>CATL</csvorganizerPaths>
      <csvdefinitionPaths/>
      <csvdisplay_name>转速</csvdisplay_name>
      <csvdescription>Revolutions_Per_Minute</csvdescription>
      <csvdata_type>STR</csvdata_type>
      <csvQoMName/>
      <csvnameValuePairs/>
      <csvlogicalIdentifier>Revolutions_Per_Minute</csvlogicalIdentifier>
   </csvAttrDefinizer>
   <csvAttrDefinizer handler="wt.iba.definition.DefinitionLoaderWithCache.createAttrDefinizer">
      <csvname>Working_Temperature_Range</csvname>
      <csvhierarchyDisplayName>工作温度</csvhierarchyDisplayName>
      <csvorganizerPaths>CATL</csvorganizerPaths>
      <csvdefinitionPaths/>
      <csvdisplay_name>工作温度</csvdisplay_name>
      <csvdescription>Working_Temperature_Range</csvdescription>
      <csvdata_type>STR</csvdata_type>
      <csvQoMName/>
      <csvnameValuePairs/>
      <csvlogicalIdentifier>Working_Temperature_Range</csvlogicalIdentifier>
   </csvAttrDefinizer>
</NmLoader>